{"type":"FeatureCollection","attribution":"State boundaries: geoBoundaries gbOpen MYS ADM1 (OpenStreetMap contributors, ODbL 1.0), simplified to 3 decimals","features":[{"type":"Feature","properties":{"code":"SGR","name":"Selangor"},"geometry":{"type":"MultiPolygon","coordinates":[[[[101.25,2.908],[101.256,2.91],[101.259,2.922],[101.258,2.951],[101.256,2.964],[101.254,2.966],[101.237,2.955],[101.23,2.946],[101.232,2.937],[101.233,2.938],[101.233,2.937],[101.231,2.931],[101.232,2.927],[101.233,2.924],[101.236,2.922],[101.234,2.922],[101.235,2.913],[101.234,2.907],[101.235,2.904],[101.25,2.908]]],[[[101.306,2.978],[101.302,2.98],[101.296,2.977],[101.29,2.976],[101.283,2.969],[101.279,2.96],[101.264,2.949],[101.263,2.934],[101.264,2.918],[101.266,2.917],[101.272,2.917],[101.276,2.919],[101.294,2.95],[101.306,2.978]]],[[[101.279,2.899],[101.274,2.895],[101.274,2.894],[101.285,2.884],[101.287,2.887],[101.291,2.887],[101.3,2.896],[101.301,2.895],[101.311,2.91],[101.321,2.915],[101.33,2.911],[101.341,2.896],[101.348,2.897],[101.349,2.899],[101.347,2.903],[101.338,2.914],[101.335,2.92],[101.337,2.927],[101.339,2.929],[101.349,2.932],[101.358,2.945],[101.364,2.963],[101.371,2.975],[101.377,2.982],[101.388,2.987],[101.39,2.991],[101.389,2.993],[101.373,2.992],[101.355,2.995],[101.34,2.988],[101.331,2.98],[101.327,2.978],[101.316,2.968],[101.309,2.958],[101.308,2.959],[101.289,2.926],[101.29,2.925],[101.287,2.913],[101.279,2.899]]],[[[101.25,2.993],[101.262,3.003],[101.262,3.009],[101.26,3.016],[101.245,3.015],[101.224,3.004],[101.221,3.001],[101.221,2.996],[101.219,2.994],[101.218,2.99],[101.219,2.988],[101.218,2.988],[101.219,2.986],[101.215,2.98],[101.215,2.977],[101.199,2.956],[101.198,2.952],[101.2,2.95],[101.203,2.949],[101.214,2.953],[101.24,2.985],[101.25,2.993]]],[[[101.25,3.019],[101.254,3.019],[101.256,3.021],[101.255,3.023],[101.256,3.021],[101.255,3.019],[101.258,3.022],[101.256,3.019],[101.258,3.02],[101.259,3.023],[101.259,3.02],[101.266,3.027],[101.272,3.031],[101.279,3.04],[101.28,3.042],[101.279,3.045],[101.27,3.053],[101.268,3.057],[101.26,3.058],[101.247,3.054],[101.24,3.05],[101.236,3.045],[101.234,3.045],[101.229,3.037],[101.227,3.036],[101.214,3.018],[101.21,3.007],[101.211,3.007],[101.213,3.004],[101.217,3.005],[101.243,3.017],[101.25,3.019]]],[[[101.276,2.998],[101.264,2.98],[101.261,2.959],[101.262,2.954],[101.263,2.953],[101.27,2.955],[101.279,2.96],[101.282,2.97],[101.289,2.976],[101.311,2.986],[101.313,2.985],[101.316,2.985],[101.323,2.99],[101.323,2.992],[101.329,2.993],[101.335,2.998],[101.335,3.008],[101.337,3.01],[101.335,3.018],[101.337,3.018],[101.334,3.035],[101.338,3.054],[101.334,3.064],[101.321,3.069],[101.313,3.067],[101.304,3.063],[101.303,3.06],[101.302,3.06],[101.3,3.047],[101.295,3.044],[101.282,3.009],[101.276,2.998]]],[[[100.931,3.869],[100.886,3.853],[100.858,3.855],[100.846,3.851],[100.831,3.85],[100.831,3.845],[100.819,3.846],[100.81,3.803],[100.814,3.785],[100.823,3.778],[100.827,3.776],[100.839,3.778],[100.845,3.777],[100.857,3.775],[100.871,3.769],[100.875,3.764],[100.896,3.75],[100.917,3.725],[100.923,3.714],[100.926,3.711],[100.928,3.698],[100.93,3.695],[100.932,3.694],[100.933,3.689],[100.935,3.69],[100.938,3.686],[100.938,3.679],[100.94,3.676],[100.944,3.674],[100.95,3.674],[100.967,3.669],[100.977,3.67],[100.98,3.663],[100.995,3.656],[101.018,3.638],[101.019,3.639],[101.018,3.637],[101.025,3.63],[101.028,3.629],[101.033,3.621],[101.038,3.619],[101.038,3.615],[101.049,3.599],[101.052,3.596],[101.053,3.597],[101.053,3.596],[101.056,3.593],[101.056,3.588],[101.065,3.57],[101.069,3.565],[101.07,3.56],[101.08,3.535],[101.083,3.53],[101.092,3.506],[101.096,3.501],[101.098,3.492],[101.104,3.481],[101.119,3.46],[101.124,3.45],[101.129,3.449],[101.131,3.447],[101.133,3.446],[101.132,3.443],[101.144,3.43],[101.156,3.413],[101.163,3.399],[101.17,3.395],[101.174,3.395],[101.176,3.391],[101.181,3.371],[101.192,3.348],[101.2,3.341],[101.202,3.34],[101.2,3.341],[101.201,3.343],[101.211,3.342],[101.23,3.332],[101.247,3.313],[101.255,3.308],[101.268,3.294],[101.281,3.279],[101.295,3.256],[101.299,3.253],[101.3,3.247],[101.298,3.242],[101.305,3.224],[101.307,3.178],[101.308,3.175],[101.309,3.174],[101.308,3.173],[101.308,3.172],[101.307,3.172],[101.308,3.17],[101.307,3.163],[101.311,3.138],[101.314,3.13],[101.313,3.128],[101.317,3.12],[101.318,3.112],[101.319,3.111],[101.325,3.111],[101.329,3.109],[101.33,3.107],[101.337,3.1],[101.357,3.076],[101.36,3.073],[101.362,3.063],[101.361,3.055],[101.358,3.049],[101.358,3.043],[101.357,3.043],[101.357,3.015],[101.358,3.019],[101.364,3.001],[101.387,3.002],[101.391,2.999],[101.393,2.996],[101.394,2.986],[101.39,2.979],[101.377,2.969],[101.369,2.96],[101.364,2.939],[101.358,2.926],[101.339,2.922],[101.339,2.92],[101.349,2.91],[101.351,2.905],[101.352,2.899],[101.35,2.895],[101.346,2.892],[101.34,2.893],[101.322,2.911],[101.32,2.911],[101.304,2.889],[101.296,2.883],[101.294,2.881],[101.289,2.879],[101.288,2.877],[101.286,2.871],[101.288,2.861],[101.287,2.86],[101.293,2.838],[101.311,2.833],[101.324,2.831],[101.324,2.832],[101.325,2.832],[101.346,2.821],[101.348,2.818],[101.351,2.817],[101.353,2.82],[101.355,2.816],[101.362,2.812],[101.372,2.811],[101.387,2.806],[101.41,2.805],[101.412,2.802],[101.406,2.799],[101.408,2.791],[101.422,2.78],[101.426,2.774],[101.428,2.775],[101.433,2.763],[101.44,2.755],[101.463,2.708],[101.48,2.688],[101.5,2.682],[101.506,2.677],[101.512,2.674],[101.514,2.675],[101.544,2.66],[101.555,2.658],[101.555,2.656],[101.556,2.658],[101.564,2.654],[101.565,2.655],[101.572,2.653],[101.575,2.653],[101.59,2.645],[101.602,2.636],[101.608,2.635],[101.608,2.633],[101.624,2.632],[101.663,2.618],[101.672,2.617],[101.685,2.61],[101.684,2.609],[101.687,2.609],[101.688,2.602],[101.687,2.601],[101.696,2.594],[101.712,2.595],[101.712,2.598],[101.711,2.599],[101.704,2.603],[101.702,2.605],[101.702,2.606],[101.704,2.609],[101.706,2.611],[101.715,2.618],[101.718,2.619],[101.723,2.62],[101.726,2.618],[101.728,2.616],[101.73,2.619],[101.729,2.629],[101.725,2.636],[101.73,2.645],[101.734,2.648],[101.746,2.653],[101.747,2.655],[101.746,2.665],[101.741,2.668],[101.74,2.673],[101.745,2.681],[101.748,2.682],[101.751,2.681],[101.753,2.685],[101.751,2.688],[101.753,2.691],[101.755,2.692],[101.755,2.693],[101.754,2.694],[101.755,2.697],[101.761,2.699],[101.762,2.703],[101.754,2.831],[101.751,2.869],[101.792,2.87],[101.883,2.867],[101.918,2.955],[101.935,2.991],[101.934,2.999],[101.944,2.999],[101.943,3.017],[101.948,3.024],[101.954,3.026],[101.967,3.03],[101.971,3.032],[101.971,3.035],[101.968,3.042],[101.969,3.044],[101.967,3.048],[101.969,3.055],[101.963,3.065],[101.962,3.073],[101.95,3.113],[101.951,3.116],[101.955,3.118],[101.963,3.129],[101.966,3.139],[101.964,3.149],[101.958,3.155],[101.956,3.156],[101.956,3.158],[101.952,3.159],[101.951,3.163],[101.948,3.165],[101.947,3.177],[101.942,3.184],[101.95,3.19],[101.948,3.204],[101.952,3.206],[101.951,3.21],[101.952,3.214],[101.942,3.235],[101.937,3.239],[101.933,3.244],[101.937,3.249],[101.934,3.252],[101.931,3.253],[101.93,3.257],[101.928,3.258],[101.915,3.257],[101.913,3.257],[101.912,3.261],[101.91,3.262],[101.907,3.262],[101.904,3.265],[101.897,3.264],[101.893,3.259],[101.888,3.259],[101.879,3.27],[101.869,3.269],[101.857,3.274],[101.852,3.284],[101.844,3.284],[101.829,3.291],[101.817,3.305],[101.806,3.324],[101.799,3.332],[101.788,3.335],[101.781,3.339],[101.781,3.353],[101.781,3.357],[101.773,3.36],[101.759,3.372],[101.761,3.379],[101.764,3.38],[101.766,3.386],[101.765,3.399],[101.776,3.402],[101.778,3.407],[101.78,3.407],[101.783,3.413],[101.789,3.419],[101.793,3.425],[101.785,3.431],[101.786,3.437],[101.784,3.438],[101.784,3.442],[101.782,3.445],[101.779,3.451],[101.779,3.46],[101.777,3.465],[101.768,3.478],[101.768,3.481],[101.766,3.49],[101.763,3.495],[101.764,3.499],[101.763,3.508],[101.767,3.513],[101.771,3.515],[101.773,3.521],[101.778,3.528],[101.779,3.536],[101.787,3.547],[101.789,3.546],[101.794,3.548],[101.8,3.547],[101.803,3.551],[101.807,3.549],[101.808,3.562],[101.81,3.565],[101.809,3.569],[101.811,3.57],[101.808,3.576],[101.81,3.578],[101.809,3.585],[101.812,3.587],[101.813,3.593],[101.815,3.594],[101.817,3.603],[101.816,3.605],[101.811,3.605],[101.81,3.607],[101.811,3.611],[101.809,3.614],[101.802,3.613],[101.798,3.623],[101.797,3.627],[101.791,3.628],[101.788,3.63],[101.784,3.635],[101.786,3.637],[101.786,3.641],[101.784,3.645],[101.786,3.649],[101.784,3.652],[101.781,3.652],[101.768,3.666],[101.772,3.671],[101.768,3.678],[101.769,3.681],[101.768,3.682],[101.765,3.681],[101.763,3.683],[101.759,3.683],[101.758,3.686],[101.752,3.691],[101.75,3.691],[101.75,3.692],[101.745,3.696],[101.741,3.696],[101.738,3.704],[101.741,3.709],[101.735,3.712],[101.733,3.711],[101.73,3.713],[101.721,3.707],[101.717,3.708],[101.716,3.709],[101.712,3.712],[101.704,3.709],[101.698,3.711],[101.693,3.708],[101.686,3.71],[101.682,3.72],[101.672,3.72],[101.667,3.728],[101.658,3.73],[101.654,3.737],[101.651,3.74],[101.639,3.753],[101.628,3.77],[101.625,3.769],[101.625,3.772],[101.61,3.774],[101.6,3.771],[101.581,3.77],[101.576,3.752],[101.578,3.746],[101.582,3.739],[101.582,3.726],[101.579,3.724],[101.578,3.72],[101.572,3.72],[101.57,3.716],[101.568,3.711],[101.564,3.71],[101.56,3.707],[101.56,3.704],[101.554,3.704],[101.549,3.7],[101.548,3.702],[101.546,3.698],[101.547,3.696],[101.545,3.693],[101.543,3.693],[101.542,3.688],[101.537,3.686],[101.535,3.682],[101.528,3.682],[101.519,3.677],[101.513,3.687],[101.505,3.693],[101.502,3.693],[101.497,3.699],[101.495,3.699],[101.493,3.7],[101.489,3.698],[101.488,3.7],[101.483,3.702],[101.48,3.702],[101.478,3.705],[101.475,3.71],[101.475,3.713],[101.469,3.717],[101.467,3.716],[101.465,3.716],[101.464,3.714],[101.46,3.716],[101.46,3.718],[101.457,3.721],[101.457,3.723],[101.458,3.723],[101.456,3.725],[101.456,3.726],[101.455,3.726],[101.456,3.727],[101.453,3.731],[101.454,3.733],[101.449,3.737],[101.449,3.739],[101.446,3.739],[101.445,3.745],[101.444,3.746],[101.444,3.746],[101.442,3.748],[101.443,3.75],[101.441,3.753],[101.44,3.751],[101.436,3.754],[101.433,3.752],[101.431,3.752],[101.428,3.752],[101.427,3.753],[101.424,3.751],[101.425,3.752],[101.423,3.751],[101.422,3.753],[101.42,3.752],[101.419,3.759],[101.415,3.758],[101.414,3.761],[101.413,3.759],[101.41,3.759],[101.403,3.763],[101.404,3.765],[101.405,3.764],[101.404,3.766],[101.401,3.765],[101.398,3.77],[101.394,3.771],[101.392,3.774],[101.387,3.771],[101.386,3.773],[101.387,3.773],[101.387,3.775],[101.385,3.776],[101.387,3.777],[101.384,3.784],[101.384,3.789],[101.383,3.791],[101.382,3.79],[101.381,3.792],[101.381,3.794],[101.377,3.795],[101.377,3.798],[101.376,3.799],[101.375,3.798],[101.374,3.802],[101.371,3.8],[101.369,3.803],[101.366,3.801],[101.363,3.804],[101.359,3.802],[101.358,3.8],[101.357,3.803],[101.356,3.8],[101.353,3.8],[101.351,3.796],[101.351,3.794],[101.348,3.796],[101.343,3.795],[101.342,3.796],[101.341,3.794],[101.337,3.795],[101.337,3.791],[101.336,3.789],[101.335,3.791],[101.334,3.788],[101.332,3.788],[101.327,3.786],[101.327,3.779],[101.329,3.772],[101.329,3.762],[101.335,3.755],[101.338,3.746],[101.338,3.739],[101.337,3.737],[101.34,3.727],[101.341,3.727],[101.34,3.723],[101.344,3.719],[101.345,3.715],[101.345,3.713],[101.346,3.713],[101.347,3.711],[101.347,3.707],[101.342,3.699],[101.343,3.698],[101.34,3.692],[101.335,3.69],[101.333,3.689],[101.334,3.691],[101.33,3.692],[101.326,3.688],[101.323,3.691],[101.316,3.685],[101.315,3.684],[101.314,3.685],[101.311,3.685],[101.312,3.682],[101.31,3.681],[101.309,3.677],[101.308,3.677],[101.307,3.674],[101.301,3.672],[101.298,3.676],[101.299,3.676],[101.298,3.677],[101.296,3.676],[101.296,3.678],[101.293,3.676],[101.29,3.677],[101.29,3.675],[101.288,3.676],[101.287,3.675],[101.282,3.674],[101.282,3.669],[101.281,3.668],[101.281,3.669],[101.28,3.668],[101.28,3.669],[101.279,3.668],[101.273,3.67],[101.271,3.668],[101.269,3.669],[101.265,3.67],[101.264,3.668],[101.262,3.67],[101.26,3.67],[101.26,3.671],[101.258,3.673],[101.256,3.673],[101.255,3.671],[101.252,3.674],[101.249,3.676],[101.25,3.677],[101.249,3.68],[101.246,3.68],[101.247,3.682],[101.245,3.683],[101.247,3.689],[101.249,3.693],[101.248,3.691],[101.247,3.699],[101.246,3.698],[101.247,3.699],[101.245,3.702],[101.246,3.702],[101.246,3.708],[101.248,3.712],[101.247,3.713],[101.249,3.713],[101.249,3.717],[101.25,3.718],[101.247,3.718],[101.244,3.72],[101.241,3.719],[101.24,3.72],[101.239,3.717],[101.237,3.718],[101.234,3.715],[101.23,3.715],[101.229,3.713],[101.222,3.713],[101.216,3.708],[101.213,3.708],[101.213,3.709],[101.214,3.711],[101.213,3.711],[101.212,3.714],[101.214,3.713],[101.215,3.714],[101.213,3.717],[101.21,3.715],[101.21,3.713],[101.208,3.714],[101.207,3.719],[101.204,3.719],[101.204,3.721],[101.202,3.723],[101.201,3.722],[101.2,3.723],[101.199,3.724],[101.201,3.727],[101.198,3.728],[101.197,3.726],[101.197,3.723],[101.197,3.717],[101.194,3.718],[101.192,3.721],[101.193,3.722],[101.191,3.722],[101.189,3.719],[101.185,3.718],[101.175,3.71],[101.17,3.716],[101.17,3.72],[101.176,3.715],[101.183,3.725],[101.191,3.731],[101.173,3.728],[101.17,3.728],[101.172,3.733],[101.168,3.739],[101.168,3.747],[101.167,3.749],[101.164,3.749],[101.165,3.742],[101.164,3.725],[101.162,3.726],[101.157,3.736],[101.155,3.745],[101.152,3.744],[101.151,3.741],[101.154,3.731],[101.154,3.728],[101.139,3.734],[101.135,3.734],[101.134,3.737],[101.144,3.745],[101.145,3.747],[101.136,3.752],[101.135,3.754],[101.133,3.764],[101.123,3.747],[101.124,3.739],[101.122,3.736],[101.12,3.736],[101.113,3.746],[101.109,3.747],[101.106,3.742],[101.107,3.734],[101.102,3.733],[101.1,3.736],[101.099,3.745],[101.097,3.745],[101.092,3.742],[101.084,3.742],[101.08,3.729],[101.076,3.729],[101.073,3.732],[101.074,3.735],[101.08,3.746],[101.074,3.759],[101.093,3.755],[101.098,3.75],[101.1,3.749],[101.102,3.752],[101.094,3.761],[101.088,3.765],[101.087,3.767],[101.093,3.779],[101.09,3.783],[101.083,3.777],[101.078,3.769],[101.068,3.765],[101.065,3.763],[101.064,3.756],[101.06,3.752],[101.057,3.754],[101.058,3.772],[101.054,3.778],[101.054,3.78],[101.056,3.785],[101.061,3.791],[101.059,3.796],[101.057,3.796],[101.051,3.793],[101.043,3.786],[101.036,3.786],[101.028,3.782],[101.025,3.785],[101.031,3.795],[101.029,3.802],[101.024,3.806],[101.015,3.804],[101.006,3.799],[100.995,3.801],[100.992,3.8],[100.986,3.794],[100.985,3.791],[100.984,3.773],[100.983,3.772],[100.974,3.769],[100.966,3.772],[100.961,3.779],[100.959,3.784],[100.959,3.793],[100.96,3.796],[100.964,3.799],[100.978,3.806],[100.979,3.809],[100.979,3.816],[100.969,3.827],[100.961,3.829],[100.945,3.83],[100.94,3.832],[100.939,3.843],[100.945,3.861],[100.945,3.866],[100.942,3.87],[100.931,3.869]],[[101.628,3.138],[101.626,3.141],[101.623,3.141],[101.619,3.146],[101.615,3.153],[101.615,3.159],[101.619,3.178],[101.619,3.198],[101.623,3.198],[101.625,3.2],[101.635,3.216],[101.636,3.216],[101.639,3.222],[101.636,3.227],[101.636,3.228],[101.638,3.228],[101.637,3.232],[101.646,3.232],[101.646,3.234],[101.654,3.234],[101.654,3.237],[101.657,3.236],[101.658,3.241],[101.659,3.241],[101.661,3.241],[101.661,3.243],[101.664,3.244],[101.666,3.243],[101.673,3.232],[101.672,3.228],[101.697,3.228],[101.697,3.223],[101.701,3.223],[101.702,3.217],[101.703,3.215],[101.707,3.216],[101.709,3.215],[101.71,3.216],[101.715,3.212],[101.717,3.215],[101.715,3.216],[101.719,3.218],[101.719,3.222],[101.724,3.227],[101.724,3.229],[101.725,3.228],[101.73,3.233],[101.732,3.232],[101.739,3.231],[101.739,3.233],[101.74,3.233],[101.744,3.229],[101.74,3.223],[101.739,3.215],[101.746,3.21],[101.748,3.202],[101.751,3.202],[101.751,3.2],[101.753,3.2],[101.757,3.197],[101.759,3.188],[101.758,3.186],[101.756,3.185],[101.757,3.184],[101.756,3.181],[101.75,3.175],[101.743,3.176],[101.738,3.178],[101.734,3.178],[101.732,3.174],[101.731,3.173],[101.735,3.172],[101.736,3.165],[101.738,3.165],[101.741,3.162],[101.749,3.162],[101.751,3.161],[101.749,3.159],[101.751,3.157],[101.747,3.153],[101.747,3.15],[101.741,3.151],[101.742,3.148],[101.739,3.145],[101.74,3.143],[101.735,3.136],[101.738,3.132],[101.741,3.124],[101.738,3.116],[101.739,3.112],[101.741,3.11],[101.745,3.112],[101.753,3.107],[101.754,3.104],[101.751,3.101],[101.753,3.098],[101.752,3.093],[101.745,3.085],[101.748,3.077],[101.75,3.077],[101.749,3.074],[101.75,3.074],[101.75,3.056],[101.731,3.056],[101.731,3.036],[101.728,3.037],[101.723,3.034],[101.722,3.037],[101.725,3.038],[101.724,3.04],[101.722,3.041],[101.72,3.047],[101.717,3.048],[101.715,3.054],[101.714,3.054],[101.71,3.053],[101.707,3.046],[101.707,3.05],[101.702,3.049],[101.699,3.048],[101.699,3.046],[101.695,3.044],[101.69,3.044],[101.687,3.046],[101.68,3.042],[101.671,3.042],[101.669,3.041],[101.669,3.045],[101.663,3.046],[101.659,3.051],[101.659,3.059],[101.653,3.057],[101.652,3.059],[101.649,3.058],[101.648,3.059],[101.65,3.06],[101.648,3.063],[101.651,3.066],[101.651,3.07],[101.646,3.072],[101.655,3.078],[101.659,3.08],[101.66,3.084],[101.664,3.086],[101.66,3.092],[101.66,3.1],[101.66,3.115],[101.653,3.11],[101.649,3.118],[101.643,3.119],[101.648,3.125],[101.647,3.128],[101.644,3.128],[101.635,3.132],[101.629,3.131],[101.63,3.137],[101.628,3.138]],[[101.68,2.881],[101.678,2.88],[101.675,2.881],[101.674,2.877],[101.671,2.883],[101.666,2.88],[101.663,2.885],[101.664,2.889],[101.662,2.891],[101.66,2.899],[101.66,2.902],[101.663,2.904],[101.664,2.909],[101.67,2.91],[101.669,2.915],[101.672,2.916],[101.672,2.922],[101.673,2.923],[101.667,2.931],[101.669,2.939],[101.665,2.944],[101.675,2.947],[101.674,2.951],[101.664,2.958],[101.663,2.964],[101.672,2.971],[101.676,2.972],[101.685,2.97],[101.69,2.972],[101.706,2.979],[101.707,2.982],[101.708,2.982],[101.708,2.98],[101.701,2.973],[101.7,2.968],[101.703,2.967],[101.703,2.963],[101.708,2.963],[101.708,2.962],[101.71,2.961],[101.715,2.964],[101.715,2.955],[101.731,2.955],[101.732,2.953],[101.733,2.929],[101.707,2.929],[101.707,2.913],[101.7,2.913],[101.7,2.91],[101.698,2.91],[101.698,2.906],[101.701,2.905],[101.701,2.9],[101.697,2.899],[101.697,2.894],[101.688,2.892],[101.687,2.885],[101.685,2.885],[101.685,2.882],[101.681,2.882],[101.68,2.881]]]]}},{"type":"Feature","properties":{"code":"JHR","name":"Johor"},"geometry":{"type":"MultiPolygon","coordinates":[[[[104.062,2.218],[104.064,2.219],[104.074,2.214],[104.075,2.205],[104.071,2.196],[104.079,2.201],[104.09,2.195],[104.09,2.198],[104.087,2.199],[104.087,2.203],[104.081,2.21],[104.08,2.214],[104.076,2.214],[104.074,2.217],[104.075,2.219],[104.071,2.22],[104.068,2.224],[104.066,2.227],[104.067,2.231],[104.062,2.235],[104.061,2.232],[104.054,2.231],[104.052,2.227],[104.06,2.221],[104.062,2.218]]],[[[104.092,2.316],[104.095,2.311],[104.095,2.302],[104.098,2.295],[104.107,2.292],[104.112,2.286],[104.129,2.281],[104.136,2.285],[104.136,2.289],[104.14,2.289],[104.143,2.291],[104.142,2.298],[104.135,2.309],[104.129,2.313],[104.118,2.316],[104.092,2.316]]],[[[103.42,1.332],[103.421,1.329],[103.418,1.315],[103.421,1.308],[103.427,1.309],[103.438,1.315],[103.439,1.323],[103.437,1.327],[103.425,1.337],[103.419,1.339],[103.419,1.338],[103.42,1.337],[103.42,1.332]]],[[[103.257,1.462],[103.261,1.464],[103.26,1.467],[103.262,1.469],[103.266,1.47],[103.263,1.473],[103.26,1.472],[103.259,1.473],[103.255,1.472],[103.249,1.468],[103.249,1.465],[103.251,1.464],[103.256,1.464],[103.257,1.462]]],[[[104.063,1.455],[104.067,1.464],[104.072,1.466],[104.068,1.47],[104.068,1.473],[104.07,1.474],[104.074,1.472],[104.072,1.478],[104.075,1.483],[104.07,1.483],[104.07,1.486],[104.072,1.488],[104.069,1.49],[104.067,1.485],[104.064,1.489],[104.059,1.486],[104.057,1.486],[104.055,1.481],[104.052,1.478],[104.052,1.475],[104.049,1.474],[104.045,1.468],[104.04,1.466],[104.044,1.459],[104.049,1.455],[104.055,1.453],[104.063,1.455]]],[[[104.007,1.537],[104.008,1.532],[104.002,1.53],[104.002,1.526],[104.0,1.521],[104.003,1.516],[104.005,1.516],[104.005,1.518],[104.006,1.517],[104.009,1.518],[104.015,1.525],[104.015,1.53],[104.01,1.538],[104.007,1.537]]],[[[104.509,2.469],[104.5,2.459],[104.501,2.456],[104.503,2.454],[104.504,2.452],[104.503,2.444],[104.504,2.442],[104.512,2.442],[104.514,2.44],[104.518,2.434],[104.52,2.426],[104.528,2.425],[104.535,2.429],[104.54,2.437],[104.541,2.453],[104.525,2.459],[104.522,2.466],[104.514,2.472],[104.512,2.472],[104.512,2.469],[104.509,2.469]]],[[[104.501,2.48],[104.494,2.473],[104.494,2.471],[104.504,2.47],[104.511,2.476],[104.512,2.478],[104.512,2.48],[104.511,2.48],[104.509,2.477],[104.503,2.476],[104.503,2.48],[104.501,2.48]]],[[[104.311,2.594],[104.311,2.587],[104.314,2.583],[104.317,2.581],[104.32,2.573],[104.328,2.568],[104.333,2.562],[104.34,2.561],[104.346,2.57],[104.345,2.576],[104.34,2.584],[104.328,2.594],[104.321,2.597],[104.311,2.594]]],[[[104.104,2.907],[104.111,2.908],[104.111,2.911],[104.114,2.912],[104.114,2.913],[104.112,2.916],[104.109,2.914],[104.107,2.915],[104.105,2.917],[104.105,2.919],[104.102,2.92],[104.101,2.919],[104.104,2.915],[104.105,2.911],[104.098,2.911],[104.097,2.91],[104.1,2.906],[104.104,2.907]]],[[[103.976,2.454],[103.974,2.45],[103.976,2.434],[103.981,2.428],[103.99,2.426],[103.993,2.423],[103.998,2.428],[103.989,2.439],[103.99,2.442],[103.987,2.443],[103.986,2.445],[103.986,2.448],[103.979,2.455],[103.979,2.458],[103.975,2.459],[103.973,2.458],[103.976,2.454]]],[[[102.489,2.099],[102.509,2.087],[102.522,2.078],[102.528,2.072],[102.54,2.058],[102.546,2.043],[102.544,2.032],[102.548,2.025],[102.567,2.01],[102.602,1.976],[102.628,1.949],[102.633,1.95],[102.632,1.945],[102.634,1.942],[102.647,1.93],[102.657,1.911],[102.676,1.884],[102.689,1.868],[102.708,1.854],[102.713,1.854],[102.728,1.866],[102.744,1.869],[102.782,1.866],[102.804,1.861],[102.831,1.852],[102.848,1.842],[102.885,1.815],[102.888,1.816],[102.893,1.822],[102.896,1.811],[102.896,1.801],[102.893,1.797],[102.888,1.796],[102.887,1.792],[102.889,1.788],[102.892,1.789],[102.893,1.784],[102.899,1.777],[102.913,1.763],[102.937,1.746],[102.942,1.741],[102.954,1.742],[102.957,1.744],[102.983,1.743],[102.992,1.74],[102.993,1.737],[102.994,1.737],[102.995,1.74],[103.0,1.739],[103.06,1.712],[103.065,1.708],[103.075,1.703],[103.088,1.693],[103.102,1.681],[103.118,1.671],[103.133,1.656],[103.139,1.654],[103.147,1.646],[103.167,1.633],[103.196,1.619],[103.248,1.598],[103.267,1.591],[103.273,1.592],[103.274,1.589],[103.278,1.588],[103.283,1.582],[103.3,1.576],[103.302,1.572],[103.307,1.569],[103.312,1.567],[103.322,1.568],[103.322,1.566],[103.353,1.542],[103.367,1.525],[103.372,1.515],[103.378,1.511],[103.379,1.508],[103.377,1.509],[103.377,1.506],[103.389,1.484],[103.385,1.483],[103.385,1.48],[103.383,1.481],[103.387,1.479],[103.388,1.477],[103.391,1.477],[103.395,1.465],[103.399,1.46],[103.402,1.45],[103.406,1.444],[103.412,1.429],[103.411,1.428],[103.415,1.404],[103.42,1.387],[103.435,1.358],[103.437,1.347],[103.441,1.34],[103.444,1.327],[103.442,1.325],[103.445,1.324],[103.447,1.322],[103.453,1.319],[103.454,1.32],[103.465,1.311],[103.466,1.312],[103.466,1.311],[103.478,1.299],[103.483,1.292],[103.485,1.293],[103.484,1.291],[103.493,1.28],[103.509,1.266],[103.512,1.266],[103.51,1.284],[103.512,1.298],[103.515,1.306],[103.519,1.31],[103.519,1.313],[103.525,1.318],[103.525,1.319],[103.546,1.334],[103.545,1.337],[103.542,1.337],[103.544,1.339],[103.543,1.339],[103.543,1.34],[103.537,1.35],[103.537,1.354],[103.535,1.355],[103.532,1.359],[103.529,1.359],[103.531,1.36],[103.535,1.356],[103.535,1.363],[103.537,1.367],[103.536,1.372],[103.532,1.371],[103.53,1.372],[103.521,1.37],[103.519,1.362],[103.52,1.358],[103.519,1.361],[103.518,1.354],[103.516,1.352],[103.518,1.354],[103.519,1.361],[103.517,1.361],[103.516,1.36],[103.514,1.359],[103.514,1.358],[103.514,1.359],[103.516,1.36],[103.517,1.361],[103.518,1.361],[103.52,1.366],[103.513,1.362],[103.52,1.368],[103.52,1.37],[103.516,1.372],[103.521,1.371],[103.53,1.373],[103.533,1.372],[103.535,1.374],[103.533,1.381],[103.524,1.38],[103.518,1.383],[103.509,1.375],[103.508,1.37],[103.51,1.367],[103.508,1.363],[103.509,1.367],[103.507,1.369],[103.507,1.365],[103.505,1.363],[103.507,1.365],[103.506,1.367],[103.505,1.366],[103.507,1.37],[103.508,1.374],[103.505,1.372],[103.506,1.372],[103.506,1.371],[103.498,1.366],[103.506,1.371],[103.504,1.372],[103.505,1.373],[103.499,1.369],[103.512,1.38],[103.509,1.381],[103.503,1.376],[103.497,1.374],[103.503,1.376],[103.506,1.379],[103.502,1.38],[103.496,1.38],[103.493,1.382],[103.496,1.38],[103.502,1.381],[103.5,1.384],[103.502,1.381],[103.506,1.38],[103.509,1.382],[103.508,1.382],[103.506,1.386],[103.508,1.382],[103.513,1.381],[103.516,1.384],[103.513,1.387],[103.516,1.384],[103.515,1.388],[103.517,1.384],[103.517,1.387],[103.517,1.384],[103.52,1.384],[103.52,1.388],[103.52,1.384],[103.523,1.382],[103.53,1.382],[103.531,1.392],[103.535,1.396],[103.536,1.401],[103.531,1.404],[103.522,1.403],[103.519,1.398],[103.514,1.395],[103.509,1.395],[103.507,1.391],[103.509,1.395],[103.505,1.397],[103.5,1.39],[103.499,1.39],[103.5,1.391],[103.498,1.391],[103.496,1.39],[103.498,1.391],[103.501,1.392],[103.503,1.393],[103.506,1.397],[103.505,1.399],[103.5,1.398],[103.5,1.397],[103.499,1.396],[103.497,1.396],[103.497,1.396],[103.496,1.396],[103.497,1.396],[103.499,1.396],[103.5,1.398],[103.499,1.398],[103.494,1.399],[103.493,1.398],[103.493,1.399],[103.498,1.398],[103.499,1.399],[103.498,1.4],[103.501,1.398],[103.505,1.4],[103.507,1.397],[103.513,1.396],[103.518,1.399],[103.52,1.403],[103.523,1.405],[103.516,1.411],[103.507,1.409],[103.507,1.407],[103.505,1.409],[103.502,1.408],[103.496,1.405],[103.501,1.409],[103.513,1.411],[103.514,1.413],[103.513,1.415],[103.505,1.413],[103.499,1.414],[103.496,1.412],[103.496,1.41],[103.492,1.408],[103.496,1.41],[103.495,1.412],[103.496,1.413],[103.492,1.413],[103.489,1.413],[103.494,1.413],[103.494,1.415],[103.495,1.413],[103.502,1.415],[103.505,1.414],[103.512,1.417],[103.51,1.423],[103.504,1.424],[103.503,1.422],[103.503,1.423],[103.502,1.422],[103.504,1.424],[103.501,1.426],[103.499,1.421],[103.497,1.42],[103.498,1.418],[103.495,1.417],[103.497,1.418],[103.496,1.42],[103.499,1.421],[103.501,1.427],[103.5,1.427],[103.492,1.423],[103.5,1.428],[103.499,1.43],[103.495,1.429],[103.494,1.427],[103.489,1.425],[103.486,1.421],[103.488,1.425],[103.493,1.427],[103.494,1.429],[103.493,1.43],[103.489,1.428],[103.485,1.427],[103.483,1.424],[103.482,1.426],[103.478,1.425],[103.482,1.426],[103.483,1.425],[103.484,1.428],[103.489,1.428],[103.492,1.43],[103.495,1.43],[103.492,1.431],[103.49,1.432],[103.488,1.431],[103.489,1.432],[103.489,1.432],[103.485,1.433],[103.489,1.432],[103.489,1.432],[103.49,1.432],[103.492,1.431],[103.495,1.43],[103.499,1.431],[103.496,1.437],[103.493,1.436],[103.482,1.436],[103.489,1.437],[103.493,1.436],[103.495,1.44],[103.491,1.441],[103.491,1.444],[103.495,1.441],[103.496,1.445],[103.495,1.445],[103.492,1.45],[103.495,1.446],[103.497,1.446],[103.5,1.45],[103.501,1.455],[103.501,1.45],[103.505,1.453],[103.499,1.448],[103.496,1.44],[103.502,1.428],[103.513,1.424],[103.515,1.418],[103.524,1.406],[103.532,1.407],[103.534,1.409],[103.536,1.408],[103.539,1.414],[103.54,1.418],[103.534,1.425],[103.53,1.427],[103.529,1.43],[103.529,1.431],[103.53,1.428],[103.534,1.426],[103.541,1.42],[103.547,1.433],[103.548,1.441],[103.545,1.443],[103.542,1.44],[103.544,1.443],[103.542,1.443],[103.545,1.443],[103.545,1.445],[103.542,1.447],[103.541,1.45],[103.536,1.453],[103.531,1.448],[103.528,1.448],[103.527,1.446],[103.524,1.447],[103.527,1.446],[103.529,1.448],[103.531,1.449],[103.535,1.453],[103.542,1.451],[103.547,1.444],[103.548,1.444],[103.55,1.451],[103.55,1.455],[103.546,1.46],[103.544,1.467],[103.54,1.472],[103.542,1.474],[103.54,1.475],[103.543,1.475],[103.542,1.472],[103.545,1.467],[103.547,1.46],[103.551,1.455],[103.553,1.458],[103.554,1.46],[103.552,1.462],[103.553,1.463],[103.552,1.462],[103.554,1.46],[103.554,1.458],[103.557,1.459],[103.555,1.457],[103.556,1.456],[103.559,1.455],[103.562,1.449],[103.566,1.449],[103.568,1.446],[103.571,1.446],[103.568,1.445],[103.567,1.442],[103.572,1.439],[103.575,1.441],[103.578,1.441],[103.572,1.439],[103.567,1.441],[103.567,1.447],[103.562,1.447],[103.559,1.454],[103.553,1.455],[103.549,1.429],[103.541,1.405],[103.542,1.397],[103.546,1.4],[103.546,1.403],[103.551,1.407],[103.55,1.411],[103.551,1.408],[103.565,1.416],[103.556,1.41],[103.557,1.408],[103.555,1.409],[103.55,1.406],[103.547,1.402],[103.551,1.399],[103.562,1.395],[103.565,1.392],[103.568,1.392],[103.565,1.391],[103.568,1.388],[103.573,1.389],[103.568,1.388],[103.561,1.394],[103.554,1.397],[103.551,1.395],[103.552,1.391],[103.552,1.388],[103.554,1.387],[103.552,1.387],[103.552,1.389],[103.552,1.391],[103.551,1.395],[103.553,1.397],[103.548,1.399],[103.542,1.396],[103.54,1.39],[103.539,1.382],[103.544,1.381],[103.545,1.379],[103.547,1.38],[103.548,1.379],[103.548,1.377],[103.551,1.378],[103.557,1.361],[103.551,1.377],[103.548,1.377],[103.547,1.379],[103.545,1.379],[103.544,1.381],[103.54,1.381],[103.541,1.378],[103.543,1.375],[103.542,1.374],[103.547,1.356],[103.558,1.331],[103.563,1.332],[103.558,1.347],[103.559,1.35],[103.563,1.346],[103.568,1.349],[103.585,1.345],[103.603,1.345],[103.606,1.346],[103.634,1.369],[103.639,1.375],[103.638,1.379],[103.641,1.38],[103.641,1.383],[103.647,1.389],[103.646,1.395],[103.648,1.397],[103.65,1.406],[103.659,1.411],[103.656,1.413],[103.656,1.414],[103.659,1.412],[103.661,1.414],[103.66,1.418],[103.658,1.417],[103.657,1.421],[103.661,1.423],[103.659,1.421],[103.66,1.419],[103.661,1.417],[103.662,1.418],[103.662,1.416],[103.665,1.418],[103.668,1.423],[103.667,1.426],[103.668,1.427],[103.669,1.431],[103.671,1.432],[103.67,1.434],[103.673,1.436],[103.675,1.443],[103.677,1.443],[103.678,1.44],[103.679,1.441],[103.681,1.44],[103.684,1.445],[103.689,1.443],[103.689,1.446],[103.697,1.453],[103.697,1.455],[103.693,1.454],[103.691,1.455],[103.692,1.457],[103.703,1.459],[103.709,1.463],[103.715,1.464],[103.717,1.466],[103.714,1.472],[103.716,1.475],[103.707,1.474],[103.702,1.478],[103.704,1.479],[103.705,1.477],[103.711,1.481],[103.723,1.476],[103.725,1.469],[103.726,1.47],[103.729,1.465],[103.728,1.464],[103.733,1.461],[103.743,1.457],[103.743,1.458],[103.76,1.453],[103.76,1.454],[103.767,1.457],[103.769,1.455],[103.769,1.458],[103.775,1.463],[103.785,1.471],[103.784,1.472],[103.789,1.476],[103.789,1.479],[103.79,1.479],[103.79,1.48],[103.793,1.481],[103.795,1.483],[103.795,1.496],[103.797,1.496],[103.796,1.497],[103.798,1.498],[103.798,1.495],[103.802,1.498],[103.799,1.494],[103.797,1.489],[103.799,1.486],[103.802,1.484],[103.816,1.486],[103.82,1.485],[103.825,1.481],[103.828,1.481],[103.831,1.483],[103.834,1.481],[103.839,1.481],[103.84,1.479],[103.844,1.478],[103.852,1.471],[103.86,1.47],[103.866,1.471],[103.865,1.469],[103.87,1.467],[103.87,1.465],[103.873,1.463],[103.869,1.46],[103.871,1.461],[103.878,1.45],[103.888,1.44],[103.886,1.438],[103.892,1.435],[103.893,1.437],[103.896,1.437],[103.905,1.434],[103.921,1.431],[103.921,1.434],[103.92,1.436],[103.924,1.437],[103.924,1.436],[103.932,1.433],[103.938,1.433],[103.94,1.431],[103.944,1.432],[103.954,1.43],[103.956,1.428],[103.96,1.426],[103.971,1.427],[103.974,1.431],[103.979,1.431],[103.986,1.434],[103.988,1.432],[103.995,1.437],[103.998,1.435],[103.997,1.439],[104.0,1.443],[104.006,1.447],[104.009,1.456],[104.011,1.455],[104.012,1.459],[104.011,1.456],[104.009,1.456],[104.008,1.458],[104.011,1.472],[104.008,1.473],[104.007,1.48],[104.004,1.479],[104.004,1.482],[104.003,1.482],[104.005,1.484],[104.005,1.489],[104.007,1.491],[104.009,1.503],[104.007,1.506],[104.005,1.507],[104.006,1.507],[104.004,1.512],[104.002,1.512],[103.997,1.52],[103.998,1.525],[104.0,1.527],[103.997,1.532],[103.996,1.538],[103.992,1.535],[103.983,1.542],[103.978,1.541],[103.974,1.537],[103.978,1.541],[103.982,1.542],[103.991,1.536],[103.996,1.538],[103.998,1.537],[103.999,1.532],[104.006,1.531],[104.006,1.534],[104.005,1.536],[104.006,1.535],[104.007,1.538],[104.009,1.539],[104.006,1.544],[104.009,1.55],[104.005,1.555],[104.004,1.558],[103.996,1.565],[103.999,1.567],[103.991,1.575],[103.991,1.578],[103.987,1.581],[103.985,1.577],[103.984,1.577],[103.983,1.579],[103.981,1.577],[103.979,1.581],[103.973,1.584],[103.967,1.594],[103.966,1.599],[103.964,1.602],[103.964,1.615],[103.967,1.624],[103.975,1.623],[103.977,1.62],[103.99,1.603],[104.008,1.591],[104.02,1.577],[104.023,1.568],[104.033,1.555],[104.033,1.547],[104.029,1.537],[104.029,1.532],[104.034,1.523],[104.035,1.51],[104.036,1.508],[104.038,1.508],[104.04,1.496],[104.044,1.496],[104.056,1.501],[104.059,1.499],[104.059,1.494],[104.061,1.49],[104.065,1.49],[104.067,1.486],[104.067,1.49],[104.07,1.491],[104.073,1.488],[104.071,1.485],[104.071,1.484],[104.074,1.485],[104.076,1.484],[104.076,1.481],[104.074,1.479],[104.073,1.476],[104.078,1.47],[104.077,1.465],[104.068,1.463],[104.065,1.456],[104.06,1.451],[104.059,1.446],[104.073,1.442],[104.084,1.435],[104.087,1.435],[104.085,1.434],[104.092,1.429],[104.095,1.423],[104.103,1.417],[104.103,1.412],[104.113,1.394],[104.112,1.391],[104.107,1.39],[104.097,1.381],[104.095,1.378],[104.092,1.377],[104.093,1.375],[104.088,1.369],[104.093,1.369],[104.108,1.365],[104.11,1.362],[104.13,1.355],[104.131,1.353],[104.131,1.351],[104.136,1.346],[104.135,1.343],[104.137,1.342],[104.141,1.342],[104.15,1.346],[104.157,1.347],[104.162,1.342],[104.184,1.338],[104.185,1.344],[104.179,1.345],[104.179,1.348],[104.185,1.349],[104.189,1.348],[104.189,1.345],[104.192,1.346],[104.197,1.345],[104.198,1.343],[104.197,1.342],[104.2,1.34],[104.2,1.338],[104.201,1.337],[104.216,1.35],[104.22,1.35],[104.223,1.347],[104.226,1.348],[104.225,1.349],[104.226,1.352],[104.231,1.355],[104.236,1.363],[104.243,1.368],[104.248,1.369],[104.253,1.366],[104.252,1.359],[104.261,1.359],[104.27,1.365],[104.274,1.364],[104.279,1.37],[104.283,1.37],[104.282,1.376],[104.284,1.379],[104.283,1.38],[104.281,1.38],[104.279,1.384],[104.274,1.409],[104.276,1.428],[104.279,1.434],[104.288,1.439],[104.296,1.435],[104.294,1.442],[104.295,1.447],[104.278,1.474],[104.273,1.492],[104.273,1.499],[104.276,1.506],[104.28,1.509],[104.282,1.506],[104.285,1.509],[104.285,1.514],[104.282,1.524],[104.282,1.526],[104.28,1.526],[104.277,1.533],[104.267,1.543],[104.258,1.556],[104.254,1.564],[104.257,1.577],[104.26,1.581],[104.263,1.578],[104.264,1.582],[104.26,1.583],[104.254,1.591],[104.253,1.595],[104.254,1.601],[104.255,1.603],[104.257,1.602],[104.259,1.607],[104.261,1.607],[104.264,1.611],[104.261,1.612],[104.259,1.615],[104.25,1.624],[104.244,1.636],[104.245,1.643],[104.246,1.643],[104.249,1.648],[104.248,1.654],[104.242,1.657],[104.233,1.669],[104.215,1.696],[104.214,1.703],[104.216,1.707],[104.22,1.71],[104.22,1.712],[104.201,1.738],[104.198,1.75],[104.199,1.756],[104.198,1.759],[104.186,1.787],[104.171,1.805],[104.164,1.815],[104.162,1.824],[104.159,1.826],[104.158,1.83],[104.159,1.836],[104.158,1.842],[104.161,1.846],[104.158,1.851],[104.151,1.856],[104.153,1.851],[104.152,1.848],[104.15,1.846],[104.146,1.844],[104.134,1.846],[104.125,1.853],[104.109,1.878],[104.106,1.886],[104.104,1.9],[104.109,1.921],[104.115,1.925],[104.121,1.925],[104.125,1.925],[104.128,1.92],[104.13,1.921],[104.131,1.926],[104.118,1.947],[104.12,1.952],[104.115,1.964],[104.097,1.989],[104.097,1.997],[104.095,2.0],[104.092,2.001],[104.089,2.004],[104.076,2.026],[104.069,2.031],[104.062,2.041],[104.055,2.052],[104.055,2.056],[104.057,2.058],[104.047,2.066],[104.043,2.071],[104.029,2.098],[104.017,2.13],[104.006,2.149],[104.007,2.152],[104.005,2.153],[104.004,2.15],[103.994,2.162],[103.974,2.185],[103.961,2.206],[103.957,2.22],[103.959,2.225],[103.957,2.241],[103.959,2.246],[103.962,2.249],[103.971,2.252],[103.978,2.251],[103.981,2.247],[103.982,2.247],[103.981,2.257],[103.974,2.261],[103.952,2.295],[103.951,2.302],[103.953,2.303],[103.953,2.307],[103.955,2.31],[103.957,2.311],[103.962,2.31],[103.961,2.313],[103.958,2.316],[103.955,2.318],[103.951,2.323],[103.948,2.324],[103.938,2.338],[103.939,2.34],[103.937,2.341],[103.936,2.344],[103.934,2.342],[103.933,2.34],[103.93,2.339],[103.924,2.343],[103.921,2.343],[103.918,2.347],[103.911,2.35],[103.891,2.377],[103.882,2.386],[103.88,2.384],[103.87,2.396],[103.865,2.408],[103.858,2.418],[103.853,2.43],[103.848,2.429],[103.843,2.435],[103.839,2.435],[103.829,2.46],[103.829,2.471],[103.821,2.48],[103.817,2.491],[103.82,2.497],[103.828,2.5],[103.83,2.503],[103.835,2.505],[103.84,2.503],[103.841,2.504],[103.843,2.503],[103.846,2.506],[103.836,2.515],[103.828,2.526],[103.828,2.53],[103.824,2.534],[103.822,2.54],[103.823,2.547],[103.829,2.546],[103.828,2.547],[103.82,2.557],[103.818,2.567],[103.816,2.569],[103.815,2.568],[103.816,2.577],[103.819,2.579],[103.821,2.577],[103.822,2.579],[103.823,2.578],[103.823,2.583],[103.819,2.585],[103.817,2.587],[103.817,2.581],[103.815,2.581],[103.814,2.582],[103.813,2.579],[103.809,2.58],[103.793,2.592],[103.783,2.601],[103.78,2.606],[103.78,2.614],[103.782,2.617],[103.789,2.615],[103.786,2.616],[103.786,2.618],[103.781,2.62],[103.778,2.608],[103.766,2.613],[103.762,2.616],[103.758,2.624],[103.762,2.626],[103.761,2.627],[103.761,2.629],[103.766,2.631],[103.763,2.636],[103.764,2.639],[103.763,2.641],[103.765,2.645],[103.761,2.644],[103.756,2.651],[103.754,2.65],[103.755,2.649],[103.748,2.648],[103.749,2.641],[103.747,2.637],[103.744,2.635],[103.74,2.633],[103.722,2.633],[103.709,2.641],[103.691,2.647],[103.661,2.667],[103.66,2.663],[103.662,2.663],[103.661,2.661],[103.653,2.659],[103.648,2.66],[103.634,2.664],[103.628,2.66],[103.62,2.657],[103.61,2.663],[103.6,2.665],[103.596,2.664],[103.591,2.654],[103.595,2.638],[103.597,2.635],[103.602,2.633],[103.607,2.637],[103.607,2.64],[103.603,2.646],[103.603,2.65],[103.607,2.653],[103.612,2.653],[103.617,2.651],[103.617,2.647],[103.613,2.637],[103.616,2.634],[103.623,2.631],[103.623,2.629],[103.615,2.624],[103.615,2.619],[103.626,2.611],[103.627,2.606],[103.625,2.604],[103.616,2.602],[103.612,2.598],[103.614,2.594],[103.624,2.592],[103.625,2.587],[103.619,2.586],[103.612,2.589],[103.607,2.588],[103.602,2.583],[103.598,2.574],[103.6,2.569],[103.602,2.568],[103.605,2.569],[103.611,2.578],[103.614,2.578],[103.616,2.576],[103.617,2.557],[103.614,2.557],[103.612,2.564],[103.611,2.566],[103.607,2.565],[103.593,2.552],[103.592,2.55],[103.596,2.543],[103.591,2.536],[103.59,2.531],[103.594,2.526],[103.603,2.532],[103.616,2.53],[103.621,2.534],[103.624,2.533],[103.624,2.532],[103.618,2.525],[103.617,2.517],[103.623,2.513],[103.63,2.505],[103.63,2.491],[103.632,2.489],[103.639,2.487],[103.626,2.463],[103.617,2.463],[103.612,2.466],[103.609,2.471],[103.608,2.466],[103.609,2.458],[103.539,2.492],[103.472,2.526],[103.46,2.542],[103.447,2.553],[103.442,2.556],[103.426,2.559],[103.416,2.558],[103.354,2.591],[103.289,2.578],[103.152,2.524],[102.973,2.595],[102.959,2.607],[102.879,2.7],[102.85,2.736],[102.808,2.794],[102.802,2.799],[102.7,2.832],[102.645,2.681],[102.631,2.633],[102.63,2.63],[102.633,2.621],[102.643,2.605],[102.644,2.602],[102.641,2.595],[102.625,2.59],[102.622,2.581],[102.623,2.576],[102.614,2.561],[102.612,2.539],[102.62,2.519],[102.615,2.513],[102.609,2.509],[102.608,2.507],[102.609,2.506],[102.607,2.502],[102.608,2.501],[102.611,2.491],[102.613,2.491],[102.614,2.487],[102.616,2.486],[102.618,2.47],[102.615,2.467],[102.612,2.467],[102.61,2.465],[102.606,2.464],[102.606,2.46],[102.601,2.459],[102.598,2.456],[102.596,2.455],[102.597,2.447],[102.594,2.44],[102.596,2.436],[102.593,2.428],[102.594,2.42],[102.596,2.42],[102.597,2.417],[102.595,2.412],[102.593,2.41],[102.586,2.405],[102.567,2.396],[102.556,2.397],[102.55,2.393],[102.54,2.391],[102.536,2.383],[102.537,2.373],[102.526,2.36],[102.514,2.354],[102.51,2.342],[102.516,2.326],[102.513,2.321],[102.511,2.321],[102.511,2.316],[102.508,2.313],[102.51,2.305],[102.505,2.303],[102.507,2.297],[102.504,2.294],[102.499,2.277],[102.497,2.269],[102.492,2.258],[102.494,2.248],[102.498,2.237],[102.497,2.235],[102.497,2.226],[102.495,2.221],[102.487,2.215],[102.483,2.21],[102.472,2.205],[102.471,2.203],[102.479,2.19],[102.479,2.186],[102.483,2.178],[102.49,2.177],[102.498,2.174],[102.502,2.175],[102.507,2.166],[102.526,2.166],[102.53,2.163],[102.537,2.143],[102.537,2.135],[102.532,2.125],[102.526,2.119],[102.518,2.118],[102.516,2.121],[102.507,2.121],[102.506,2.126],[102.504,2.127],[102.501,2.125],[102.503,2.122],[102.502,2.119],[102.491,2.12],[102.49,2.118],[102.489,2.11],[102.489,2.099]]],[[[103.779,2.659],[103.774,2.667],[103.77,2.67],[103.771,2.672],[103.769,2.673],[103.769,2.677],[103.764,2.68],[103.763,2.679],[103.766,2.669],[103.771,2.665],[103.771,2.66],[103.776,2.658],[103.779,2.659]]],[[[103.892,2.682],[103.895,2.685],[103.896,2.696],[103.89,2.7],[103.883,2.699],[103.881,2.698],[103.881,2.692],[103.884,2.685],[103.887,2.681],[103.892,2.682]]],[[[104.147,2.812],[104.135,2.804],[104.128,2.801],[104.128,2.796],[104.123,2.792],[104.122,2.789],[104.118,2.784],[104.118,2.775],[104.121,2.771],[104.123,2.761],[104.12,2.754],[104.123,2.744],[104.132,2.74],[104.134,2.741],[104.133,2.739],[104.137,2.733],[104.142,2.729],[104.151,2.72],[104.155,2.719],[104.159,2.716],[104.167,2.716],[104.184,2.722],[104.193,2.72],[104.196,2.721],[104.206,2.718],[104.215,2.721],[104.218,2.736],[104.221,2.737],[104.215,2.744],[104.218,2.752],[104.221,2.756],[104.22,2.76],[104.223,2.765],[104.223,2.769],[104.219,2.774],[104.22,2.777],[104.213,2.777],[104.211,2.78],[104.206,2.781],[104.204,2.786],[104.204,2.791],[104.203,2.791],[104.206,2.799],[104.205,2.8],[104.204,2.8],[104.202,2.799],[104.204,2.8],[104.204,2.8],[104.205,2.8],[104.212,2.797],[104.213,2.797],[104.213,2.8],[104.215,2.801],[104.209,2.802],[104.206,2.805],[104.207,2.809],[104.209,2.811],[104.204,2.814],[104.205,2.817],[104.203,2.819],[104.203,2.822],[104.198,2.823],[104.2,2.828],[104.194,2.831],[104.194,2.833],[104.197,2.833],[104.198,2.835],[104.196,2.838],[104.193,2.839],[104.193,2.841],[104.191,2.844],[104.193,2.852],[104.191,2.858],[104.188,2.859],[104.184,2.864],[104.185,2.866],[104.19,2.868],[104.183,2.87],[104.183,2.873],[104.183,2.875],[104.187,2.875],[104.19,2.877],[104.184,2.878],[104.18,2.882],[104.178,2.886],[104.18,2.892],[104.174,2.893],[104.172,2.896],[104.169,2.897],[104.156,2.893],[104.153,2.886],[104.155,2.881],[104.155,2.877],[104.152,2.874],[104.149,2.874],[104.146,2.87],[104.147,2.869],[104.148,2.866],[104.154,2.865],[104.154,2.862],[104.149,2.861],[104.151,2.861],[104.151,2.858],[104.148,2.855],[104.159,2.848],[104.16,2.834],[104.162,2.834],[104.164,2.829],[104.158,2.819],[104.156,2.819],[104.147,2.812]]],[[[103.912,2.675],[103.918,2.672],[103.922,2.673],[103.924,2.677],[103.923,2.695],[103.915,2.697],[103.912,2.695],[103.903,2.698],[103.905,2.675],[103.91,2.672],[103.912,2.675]]]]}},{"type":"Feature","properties":{"code":"KUL","name":"Kuala Lumpur"},"geometry":{"type":"Polygon","coordinates":[[[101.628,3.138],[101.63,3.137],[101.629,3.131],[101.635,3.132],[101.644,3.128],[101.647,3.128],[101.648,3.125],[101.643,3.119],[101.649,3.118],[101.653,3.11],[101.66,3.115],[101.66,3.1],[101.66,3.092],[101.664,3.086],[101.66,3.084],[101.659,3.08],[101.655,3.078],[101.646,3.072],[101.651,3.07],[101.651,3.066],[101.648,3.063],[101.65,3.06],[101.648,3.059],[101.649,3.058],[101.652,3.059],[101.653,3.057],[101.659,3.059],[101.659,3.051],[101.663,3.046],[101.669,3.045],[101.669,3.041],[101.671,3.042],[101.68,3.042],[101.687,3.046],[101.69,3.044],[101.695,3.044],[101.699,3.046],[101.699,3.048],[101.702,3.049],[101.707,3.05],[101.707,3.046],[101.71,3.053],[101.714,3.054],[101.715,3.054],[101.717,3.048],[101.72,3.047],[101.722,3.041],[101.724,3.04],[101.725,3.038],[101.722,3.037],[101.723,3.034],[101.728,3.037],[101.731,3.036],[101.731,3.056],[101.75,3.056],[101.75,3.074],[101.749,3.074],[101.75,3.077],[101.748,3.077],[101.745,3.085],[101.752,3.093],[101.753,3.098],[101.751,3.101],[101.754,3.104],[101.753,3.107],[101.745,3.112],[101.741,3.11],[101.739,3.112],[101.738,3.116],[101.741,3.124],[101.738,3.132],[101.735,3.136],[101.74,3.143],[101.739,3.145],[101.742,3.148],[101.741,3.151],[101.747,3.15],[101.747,3.153],[101.751,3.157],[101.749,3.159],[101.751,3.161],[101.749,3.162],[101.741,3.162],[101.738,3.165],[101.736,3.165],[101.735,3.172],[101.731,3.173],[101.732,3.174],[101.734,3.178],[101.738,3.178],[101.743,3.176],[101.75,3.175],[101.756,3.181],[101.757,3.184],[101.756,3.185],[101.758,3.186],[101.759,3.188],[101.757,3.197],[101.753,3.2],[101.751,3.2],[101.751,3.202],[101.748,3.202],[101.746,3.21],[101.739,3.215],[101.74,3.223],[101.744,3.229],[101.74,3.233],[101.739,3.233],[101.739,3.231],[101.732,3.232],[101.73,3.233],[101.725,3.228],[101.724,3.229],[101.724,3.227],[101.719,3.222],[101.719,3.218],[101.715,3.216],[101.717,3.215],[101.715,3.212],[101.71,3.216],[101.709,3.215],[101.707,3.216],[101.703,3.215],[101.702,3.217],[101.701,3.223],[101.697,3.223],[101.697,3.228],[101.672,3.228],[101.673,3.232],[101.666,3.243],[101.664,3.244],[101.661,3.243],[101.661,3.241],[101.659,3.241],[101.658,3.241],[101.657,3.236],[101.654,3.237],[101.654,3.234],[101.646,3.234],[101.646,3.232],[101.637,3.232],[101.638,3.228],[101.636,3.228],[101.636,3.227],[101.639,3.222],[101.636,3.216],[101.635,3.216],[101.625,3.2],[101.623,3.198],[101.619,3.198],[101.619,3.178],[101.615,3.159],[101.615,3.153],[101.619,3.146],[101.623,3.141],[101.626,3.141],[101.628,3.138]]]}},{"type":"Feature","properties":{"code":"MLK","name":"Malacca"},"geometry":{"type":"MultiPolygon","coordinates":[[[[102.319,2.111],[102.324,2.11],[102.325,2.104],[102.327,2.103],[102.33,2.108],[102.334,2.112],[102.335,2.116],[102.329,2.115],[102.325,2.117],[102.319,2.111]]],[[[102.593,2.41],[102.588,2.416],[102.568,2.418],[102.51,2.438],[102.435,2.457],[102.436,2.467],[102.368,2.489],[102.364,2.49],[102.317,2.479],[102.28,2.458],[102.231,2.466],[102.228,2.468],[102.225,2.473],[102.213,2.479],[102.211,2.482],[102.206,2.48],[102.206,2.482],[102.196,2.486],[102.192,2.493],[102.179,2.498],[102.142,2.457],[102.122,2.462],[102.089,2.447],[102.089,2.446],[102.085,2.453],[102.081,2.455],[102.077,2.455],[102.07,2.458],[102.062,2.455],[102.061,2.452],[102.062,2.448],[102.06,2.443],[102.062,2.442],[102.065,2.443],[102.065,2.442],[102.061,2.435],[102.054,2.435],[102.051,2.433],[102.049,2.427],[102.051,2.422],[102.047,2.419],[102.046,2.421],[102.041,2.421],[102.035,2.426],[102.035,2.433],[102.033,2.434],[102.028,2.433],[102.026,2.426],[102.019,2.419],[102.013,2.41],[102.001,2.405],[101.993,2.4],[101.985,2.398],[101.978,2.391],[101.976,2.39],[101.973,2.391],[101.97,2.387],[101.971,2.377],[101.974,2.372],[101.988,2.369],[101.996,2.365],[101.997,2.368],[101.999,2.369],[102.012,2.367],[102.024,2.361],[102.039,2.349],[102.044,2.346],[102.052,2.344],[102.058,2.34],[102.065,2.332],[102.07,2.322],[102.079,2.295],[102.081,2.295],[102.084,2.292],[102.088,2.291],[102.093,2.283],[102.096,2.281],[102.102,2.272],[102.105,2.275],[102.11,2.274],[102.123,2.266],[102.14,2.244],[102.154,2.217],[102.165,2.217],[102.165,2.219],[102.172,2.221],[102.186,2.219],[102.187,2.215],[102.189,2.217],[102.194,2.215],[102.189,2.212],[102.19,2.21],[102.186,2.207],[102.189,2.2],[102.194,2.204],[102.202,2.204],[102.206,2.2],[102.207,2.202],[102.209,2.202],[102.208,2.199],[102.211,2.197],[102.215,2.197],[102.217,2.2],[102.219,2.199],[102.222,2.195],[102.22,2.192],[102.223,2.189],[102.229,2.189],[102.227,2.192],[102.23,2.195],[102.231,2.195],[102.231,2.191],[102.235,2.192],[102.241,2.187],[102.244,2.188],[102.244,2.185],[102.251,2.185],[102.257,2.182],[102.258,2.183],[102.261,2.181],[102.267,2.183],[102.285,2.173],[102.288,2.172],[102.289,2.173],[102.305,2.168],[102.312,2.165],[102.319,2.157],[102.324,2.157],[102.326,2.157],[102.326,2.155],[102.327,2.157],[102.336,2.155],[102.337,2.157],[102.337,2.155],[102.349,2.15],[102.353,2.145],[102.372,2.133],[102.38,2.132],[102.396,2.133],[102.404,2.132],[102.414,2.128],[102.434,2.115],[102.441,2.112],[102.449,2.113],[102.462,2.11],[102.481,2.104],[102.489,2.099],[102.489,2.11],[102.49,2.118],[102.491,2.12],[102.502,2.119],[102.503,2.122],[102.501,2.125],[102.504,2.127],[102.506,2.126],[102.507,2.121],[102.516,2.121],[102.518,2.118],[102.526,2.119],[102.532,2.125],[102.537,2.135],[102.537,2.143],[102.53,2.163],[102.526,2.166],[102.507,2.166],[102.502,2.175],[102.498,2.174],[102.49,2.177],[102.483,2.178],[102.479,2.186],[102.479,2.19],[102.471,2.203],[102.472,2.205],[102.483,2.21],[102.487,2.215],[102.495,2.221],[102.497,2.226],[102.497,2.235],[102.498,2.237],[102.494,2.248],[102.492,2.258],[102.497,2.269],[102.499,2.277],[102.504,2.294],[102.507,2.297],[102.505,2.303],[102.51,2.305],[102.508,2.313],[102.511,2.316],[102.511,2.321],[102.513,2.321],[102.516,2.326],[102.51,2.342],[102.514,2.354],[102.526,2.36],[102.537,2.373],[102.536,2.383],[102.54,2.391],[102.55,2.393],[102.556,2.397],[102.567,2.396],[102.586,2.405],[102.593,2.41]]]]}},{"type":"Feature","properties":{"code":"NSN","name":"Negeri Sembilan"},"geometry":{"type":"Polygon","coordinates":[[[101.712,2.595],[101.719,2.595],[101.719,2.589],[101.729,2.59],[101.729,2.594],[101.732,2.597],[101.741,2.602],[101.756,2.603],[101.778,2.592],[101.782,2.587],[101.782,2.583],[101.784,2.577],[101.789,2.579],[101.795,2.573],[101.798,2.561],[101.796,2.556],[101.793,2.555],[101.793,2.552],[101.796,2.552],[101.797,2.549],[101.799,2.542],[101.789,2.532],[101.791,2.526],[101.79,2.522],[101.802,2.521],[101.804,2.523],[101.807,2.523],[101.821,2.52],[101.821,2.518],[101.824,2.516],[101.824,2.514],[101.825,2.514],[101.828,2.509],[101.836,2.502],[101.839,2.495],[101.839,2.492],[101.843,2.488],[101.848,2.481],[101.847,2.478],[101.844,2.479],[101.843,2.477],[101.844,2.475],[101.848,2.474],[101.847,2.472],[101.849,2.467],[101.848,2.462],[101.852,2.462],[101.855,2.454],[101.856,2.449],[101.854,2.445],[101.855,2.444],[101.857,2.435],[101.855,2.417],[101.85,2.412],[101.848,2.412],[101.854,2.403],[101.856,2.404],[101.858,2.404],[101.861,2.411],[101.86,2.413],[101.864,2.417],[101.88,2.42],[101.896,2.416],[101.907,2.423],[101.927,2.424],[101.934,2.422],[101.941,2.417],[101.943,2.411],[101.955,2.402],[101.962,2.403],[101.972,2.398],[101.974,2.395],[101.973,2.391],[101.976,2.39],[101.978,2.391],[101.985,2.398],[101.993,2.4],[102.001,2.405],[102.013,2.41],[102.019,2.419],[102.026,2.426],[102.028,2.433],[102.033,2.434],[102.035,2.433],[102.035,2.426],[102.041,2.421],[102.046,2.421],[102.047,2.419],[102.051,2.422],[102.049,2.427],[102.051,2.433],[102.054,2.435],[102.061,2.435],[102.065,2.442],[102.065,2.443],[102.062,2.442],[102.06,2.443],[102.062,2.448],[102.061,2.452],[102.062,2.455],[102.07,2.458],[102.077,2.455],[102.081,2.455],[102.085,2.453],[102.089,2.446],[102.089,2.447],[102.122,2.462],[102.142,2.457],[102.179,2.498],[102.192,2.493],[102.196,2.486],[102.206,2.482],[102.206,2.48],[102.211,2.482],[102.213,2.479],[102.225,2.473],[102.228,2.468],[102.231,2.466],[102.28,2.458],[102.317,2.479],[102.364,2.49],[102.368,2.489],[102.436,2.467],[102.435,2.457],[102.51,2.438],[102.568,2.418],[102.588,2.416],[102.593,2.41],[102.595,2.412],[102.597,2.417],[102.596,2.42],[102.594,2.42],[102.593,2.428],[102.596,2.436],[102.594,2.44],[102.597,2.447],[102.596,2.455],[102.598,2.456],[102.601,2.459],[102.606,2.46],[102.606,2.464],[102.61,2.465],[102.612,2.467],[102.615,2.467],[102.618,2.47],[102.616,2.486],[102.614,2.487],[102.613,2.491],[102.611,2.491],[102.608,2.501],[102.607,2.502],[102.609,2.506],[102.608,2.507],[102.609,2.509],[102.615,2.513],[102.62,2.519],[102.612,2.539],[102.614,2.561],[102.623,2.576],[102.622,2.581],[102.625,2.59],[102.641,2.595],[102.644,2.602],[102.643,2.605],[102.633,2.621],[102.63,2.63],[102.631,2.633],[102.645,2.681],[102.7,2.832],[102.701,2.834],[102.698,2.833],[102.697,2.834],[102.699,2.836],[102.695,2.845],[102.697,2.847],[102.696,2.85],[102.698,2.854],[102.695,2.864],[102.695,2.873],[102.689,2.882],[102.666,2.888],[102.484,3.008],[102.446,3.046],[102.389,3.117],[102.253,3.148],[102.159,3.179],[102.145,3.196],[102.141,3.197],[102.135,3.196],[102.134,3.193],[102.127,3.193],[102.124,3.198],[102.116,3.198],[102.116,3.191],[102.115,3.188],[102.114,3.188],[102.109,3.191],[102.098,3.192],[102.086,3.182],[102.081,3.182],[102.076,3.175],[102.076,3.166],[102.074,3.166],[102.072,3.171],[102.071,3.171],[102.062,3.166],[102.056,3.17],[102.056,3.182],[102.053,3.185],[102.052,3.19],[102.056,3.194],[102.056,3.197],[102.052,3.205],[102.052,3.209],[102.05,3.215],[102.044,3.226],[102.038,3.227],[102.036,3.225],[102.03,3.23],[102.026,3.228],[102.019,3.228],[102.017,3.226],[102.011,3.225],[102.002,3.23],[102.001,3.232],[101.995,3.237],[101.99,3.236],[101.981,3.239],[101.976,3.245],[101.979,3.246],[101.98,3.252],[101.978,3.258],[101.975,3.26],[101.975,3.271],[101.973,3.273],[101.971,3.272],[101.966,3.273],[101.954,3.27],[101.947,3.283],[101.944,3.283],[101.938,3.288],[101.934,3.283],[101.934,3.276],[101.93,3.269],[101.925,3.267],[101.915,3.257],[101.928,3.258],[101.93,3.257],[101.931,3.253],[101.934,3.252],[101.937,3.249],[101.933,3.244],[101.937,3.239],[101.942,3.235],[101.952,3.214],[101.951,3.21],[101.952,3.206],[101.948,3.204],[101.95,3.19],[101.942,3.184],[101.947,3.177],[101.948,3.165],[101.951,3.163],[101.952,3.159],[101.956,3.158],[101.956,3.156],[101.958,3.155],[101.964,3.149],[101.966,3.139],[101.963,3.129],[101.955,3.118],[101.951,3.116],[101.95,3.113],[101.962,3.073],[101.963,3.065],[101.969,3.055],[101.967,3.048],[101.969,3.044],[101.968,3.042],[101.971,3.035],[101.971,3.032],[101.967,3.03],[101.954,3.026],[101.948,3.024],[101.943,3.017],[101.944,2.999],[101.934,2.999],[101.935,2.991],[101.918,2.955],[101.883,2.867],[101.792,2.87],[101.751,2.869],[101.754,2.831],[101.762,2.703],[101.761,2.699],[101.755,2.697],[101.754,2.694],[101.755,2.693],[101.755,2.692],[101.753,2.691],[101.751,2.688],[101.753,2.685],[101.751,2.681],[101.748,2.682],[101.745,2.681],[101.74,2.673],[101.741,2.668],[101.746,2.665],[101.747,2.655],[101.746,2.653],[101.734,2.648],[101.73,2.645],[101.725,2.636],[101.729,2.629],[101.73,2.619],[101.728,2.616],[101.726,2.618],[101.723,2.62],[101.718,2.619],[101.715,2.618],[101.706,2.611],[101.704,2.609],[101.702,2.606],[101.702,2.605],[101.704,2.603],[101.711,2.599],[101.712,2.598],[101.712,2.595]]]}},{"type":"Feature","properties":{"code":"KTN","name":"Kelantan"},"geometry":{"type":"Polygon","coordinates":[[[101.691,5.755],[101.691,5.747],[101.694,5.733],[101.688,5.726],[101.692,5.722],[101.693,5.714],[101.692,5.712],[101.695,5.705],[101.692,5.702],[101.689,5.697],[101.677,5.688],[101.676,5.685],[101.67,5.68],[101.666,5.671],[101.66,5.672],[101.658,5.666],[101.66,5.663],[101.657,5.647],[101.659,5.643],[101.664,5.638],[101.663,5.633],[101.658,5.628],[101.656,5.625],[101.657,5.615],[101.654,5.613],[101.654,5.611],[101.657,5.611],[101.666,5.605],[101.676,5.603],[101.679,5.594],[101.682,5.595],[101.687,5.591],[101.687,5.586],[101.681,5.582],[101.681,5.579],[101.678,5.575],[101.68,5.572],[101.679,5.565],[101.674,5.562],[101.673,5.554],[101.675,5.553],[101.671,5.547],[101.665,5.545],[101.666,5.538],[101.663,5.538],[101.664,5.534],[101.655,5.527],[101.666,5.512],[101.672,5.517],[101.682,5.515],[101.683,5.511],[101.691,5.508],[101.692,5.504],[101.696,5.504],[101.701,5.511],[101.72,5.517],[101.722,5.517],[101.722,5.512],[101.725,5.505],[101.731,5.502],[101.734,5.51],[101.741,5.513],[101.745,5.51],[101.748,5.502],[101.748,5.478],[101.742,5.473],[101.736,5.463],[101.737,5.459],[101.74,5.457],[101.74,5.433],[101.744,5.428],[101.744,5.421],[101.738,5.399],[101.741,5.397],[101.74,5.393],[101.744,5.39],[101.743,5.386],[101.752,5.379],[101.748,5.372],[101.744,5.371],[101.743,5.366],[101.737,5.358],[101.731,5.359],[101.724,5.356],[101.719,5.351],[101.712,5.35],[101.706,5.346],[101.703,5.341],[101.696,5.338],[101.689,5.341],[101.678,5.341],[101.677,5.336],[101.673,5.333],[101.669,5.332],[101.669,5.335],[101.665,5.34],[101.661,5.341],[101.657,5.344],[101.656,5.347],[101.65,5.35],[101.642,5.348],[101.64,5.345],[101.636,5.345],[101.633,5.347],[101.629,5.348],[101.626,5.354],[101.621,5.357],[101.616,5.353],[101.61,5.354],[101.606,5.352],[101.605,5.346],[101.6,5.341],[101.6,5.339],[101.595,5.339],[101.592,5.336],[101.586,5.337],[101.58,5.337],[101.576,5.335],[101.574,5.332],[101.576,5.328],[101.573,5.316],[101.57,5.308],[101.574,5.3],[101.574,5.298],[101.571,5.297],[101.571,5.295],[101.566,5.293],[101.562,5.297],[101.56,5.296],[101.559,5.292],[101.556,5.29],[101.554,5.291],[101.552,5.288],[101.548,5.286],[101.547,5.279],[101.549,5.275],[101.547,5.27],[101.544,5.272],[101.539,5.269],[101.535,5.27],[101.532,5.272],[101.534,5.275],[101.529,5.28],[101.527,5.277],[101.523,5.278],[101.521,5.277],[101.523,5.271],[101.52,5.261],[101.524,5.259],[101.523,5.251],[101.518,5.246],[101.51,5.239],[101.512,5.237],[101.512,5.231],[101.516,5.221],[101.509,5.211],[101.511,5.207],[101.505,5.202],[101.506,5.199],[101.495,5.194],[101.492,5.188],[101.493,5.182],[101.49,5.179],[101.486,5.18],[101.487,5.172],[101.491,5.167],[101.482,5.161],[101.482,5.151],[101.487,5.141],[101.485,5.134],[101.485,5.13],[101.479,5.118],[101.479,5.108],[101.485,5.096],[101.476,5.087],[101.473,5.087],[101.466,5.083],[101.463,5.071],[101.465,5.068],[101.464,5.064],[101.46,5.056],[101.461,5.054],[101.459,5.049],[101.459,5.045],[101.462,5.041],[101.448,5.02],[101.452,5.016],[101.453,5.013],[101.45,5.011],[101.448,5.005],[101.445,5.003],[101.442,5.004],[101.44,5.002],[101.433,5.002],[101.425,4.991],[101.427,4.985],[101.426,4.982],[101.428,4.98],[101.436,4.975],[101.437,4.971],[101.446,4.968],[101.446,4.965],[101.449,4.962],[101.45,4.956],[101.446,4.951],[101.455,4.933],[101.455,4.917],[101.451,4.91],[101.455,4.9],[101.447,4.893],[101.446,4.888],[101.438,4.888],[101.437,4.883],[101.439,4.88],[101.438,4.876],[101.446,4.872],[101.446,4.868],[101.442,4.867],[101.435,4.869],[101.426,4.861],[101.423,4.864],[101.418,4.863],[101.415,4.865],[101.411,4.865],[101.411,4.86],[101.414,4.854],[101.405,4.854],[101.403,4.852],[101.404,4.849],[101.401,4.844],[101.408,4.835],[101.412,4.824],[101.416,4.822],[101.413,4.813],[101.41,4.806],[101.407,4.803],[101.406,4.798],[101.397,4.785],[101.397,4.773],[101.386,4.774],[101.382,4.772],[101.375,4.772],[101.381,4.759],[101.379,4.753],[101.384,4.749],[101.389,4.731],[101.383,4.724],[101.381,4.719],[101.373,4.718],[101.371,4.723],[101.367,4.725],[101.357,4.718],[101.35,4.718],[101.348,4.723],[101.343,4.721],[101.34,4.716],[101.341,4.711],[101.334,4.707],[101.334,4.696],[101.336,4.692],[101.341,4.691],[101.344,4.685],[101.349,4.684],[101.351,4.676],[101.354,4.672],[101.358,4.672],[101.362,4.665],[101.363,4.652],[101.365,4.647],[101.371,4.647],[101.378,4.642],[101.371,4.635],[101.373,4.626],[101.376,4.626],[101.385,4.622],[101.398,4.626],[101.401,4.63],[101.404,4.63],[101.407,4.626],[101.411,4.627],[101.416,4.623],[101.426,4.618],[101.432,4.607],[101.439,4.603],[101.443,4.602],[101.446,4.59],[101.45,4.588],[101.455,4.588],[101.459,4.587],[101.464,4.589],[101.468,4.586],[101.476,4.587],[101.475,4.593],[101.481,4.612],[101.484,4.614],[101.487,4.612],[101.491,4.614],[101.495,4.614],[101.5,4.621],[101.501,4.625],[101.506,4.62],[101.516,4.62],[101.519,4.624],[101.522,4.624],[101.524,4.619],[101.53,4.617],[101.542,4.608],[101.544,4.598],[101.549,4.589],[101.556,4.589],[101.563,4.592],[101.571,4.588],[101.578,4.576],[101.584,4.576],[101.584,4.57],[101.589,4.565],[101.591,4.566],[101.592,4.571],[101.598,4.572],[101.604,4.572],[101.607,4.574],[101.611,4.573],[101.615,4.567],[101.616,4.562],[101.619,4.559],[101.622,4.559],[101.625,4.56],[101.625,4.563],[101.636,4.572],[101.64,4.572],[101.643,4.569],[101.65,4.569],[101.654,4.573],[101.661,4.575],[101.661,4.578],[101.666,4.583],[101.666,4.586],[101.667,4.595],[101.67,4.597],[101.671,4.606],[101.674,4.607],[101.677,4.606],[101.69,4.613],[101.701,4.614],[101.705,4.616],[101.71,4.617],[101.711,4.62],[101.713,4.621],[101.717,4.619],[101.719,4.622],[101.724,4.622],[101.726,4.623],[101.724,4.628],[101.724,4.633],[101.73,4.635],[101.734,4.633],[101.734,4.63],[101.737,4.629],[101.739,4.626],[101.743,4.624],[101.746,4.625],[101.749,4.622],[101.753,4.623],[101.752,4.628],[101.754,4.63],[101.752,4.635],[101.756,4.635],[101.758,4.637],[101.763,4.634],[101.767,4.649],[101.765,4.653],[101.768,4.657],[101.768,4.666],[101.772,4.671],[101.772,4.683],[101.768,4.689],[101.771,4.7],[101.77,4.71],[101.771,4.713],[101.775,4.713],[101.775,4.716],[101.772,4.721],[101.775,4.726],[101.772,4.736],[101.773,4.753],[101.775,4.757],[101.774,4.76],[101.78,4.771],[101.792,4.767],[101.796,4.768],[101.795,4.773],[101.8,4.774],[101.805,4.771],[101.811,4.771],[101.821,4.761],[101.818,4.735],[101.822,4.729],[101.831,4.726],[101.833,4.733],[101.84,4.732],[101.845,4.716],[101.844,4.712],[101.846,4.697],[101.851,4.695],[101.856,4.699],[101.857,4.703],[101.861,4.704],[101.864,4.694],[101.869,4.69],[101.878,4.689],[101.887,4.684],[101.886,4.677],[101.891,4.673],[101.888,4.668],[101.891,4.662],[101.887,4.647],[101.891,4.64],[101.891,4.627],[101.901,4.62],[101.91,4.62],[101.911,4.635],[101.914,4.644],[101.922,4.655],[101.922,4.662],[101.925,4.668],[101.938,4.67],[101.943,4.681],[101.942,4.694],[101.951,4.723],[101.949,4.739],[101.952,4.745],[101.948,4.758],[101.949,4.768],[101.963,4.776],[101.963,4.773],[101.968,4.771],[101.968,4.762],[101.985,4.751],[101.982,4.759],[101.986,4.761],[101.985,4.768],[102.0,4.773],[101.999,4.763],[102.003,4.761],[102.003,4.759],[102.007,4.756],[102.009,4.749],[102.016,4.743],[102.019,4.744],[102.022,4.753],[102.027,4.752],[102.033,4.742],[102.038,4.742],[102.041,4.737],[102.045,4.737],[102.048,4.735],[102.05,4.737],[102.049,4.746],[102.057,4.754],[102.061,4.748],[102.076,4.755],[102.084,4.764],[102.089,4.764],[102.093,4.768],[102.114,4.773],[102.125,4.745],[102.123,4.731],[102.13,4.722],[102.144,4.716],[102.153,4.705],[102.158,4.703],[102.162,4.696],[102.168,4.693],[102.172,4.685],[102.174,4.677],[102.171,4.673],[102.172,4.67],[102.181,4.668],[102.188,4.662],[102.195,4.649],[102.207,4.646],[102.221,4.638],[102.232,4.644],[102.227,4.658],[102.231,4.662],[102.238,4.661],[102.242,4.663],[102.248,4.667],[102.261,4.668],[102.268,4.673],[102.284,4.667],[102.295,4.657],[102.314,4.647],[102.331,4.648],[102.332,4.654],[102.338,4.653],[102.341,4.653],[102.342,4.664],[102.352,4.677],[102.36,4.68],[102.362,4.688],[102.369,4.696],[102.369,4.702],[102.362,4.705],[102.359,4.71],[102.359,4.715],[102.365,4.722],[102.373,4.721],[102.377,4.725],[102.387,4.724],[102.399,4.72],[102.405,4.726],[102.414,4.725],[102.424,4.721],[102.436,4.724],[102.44,4.722],[102.445,4.723],[102.456,4.717],[102.454,4.713],[102.484,4.692],[102.497,4.679],[102.502,4.681],[102.509,4.68],[102.515,4.687],[102.521,4.689],[102.526,4.688],[102.526,4.694],[102.529,4.697],[102.533,4.698],[102.541,4.709],[102.541,4.717],[102.544,4.72],[102.55,4.721],[102.569,4.701],[102.572,4.705],[102.579,4.706],[102.584,4.702],[102.589,4.701],[102.593,4.698],[102.6,4.698],[102.599,4.707],[102.602,4.711],[102.599,4.726],[102.598,4.741],[102.591,4.749],[102.595,4.754],[102.594,4.757],[102.596,4.759],[102.596,4.762],[102.6,4.769],[102.6,4.774],[102.596,4.779],[102.604,4.786],[102.605,4.792],[102.616,4.787],[102.625,4.786],[102.632,4.776],[102.645,4.775],[102.652,4.772],[102.661,4.784],[102.663,4.792],[102.655,4.8],[102.656,4.811],[102.648,4.823],[102.64,4.825],[102.641,4.83],[102.641,4.834],[102.649,4.85],[102.645,4.859],[102.641,4.858],[102.634,4.861],[102.631,4.865],[102.626,4.863],[102.619,4.87],[102.611,4.869],[102.606,4.876],[102.605,4.882],[102.598,4.883],[102.591,4.881],[102.589,4.882],[102.583,4.886],[102.583,4.89],[102.576,4.899],[102.574,4.897],[102.569,4.904],[102.56,4.902],[102.553,4.909],[102.54,4.91],[102.538,4.914],[102.533,4.914],[102.529,4.906],[102.524,4.903],[102.514,4.909],[102.501,4.912],[102.503,4.916],[102.507,4.92],[102.506,4.923],[102.51,4.928],[102.509,4.945],[102.511,4.949],[102.516,4.949],[102.517,4.954],[102.51,4.958],[102.51,4.961],[102.518,4.97],[102.507,4.978],[102.505,4.985],[102.5,4.988],[102.496,5.0],[102.498,5.009],[102.495,5.012],[102.496,5.015],[102.505,5.016],[102.512,5.021],[102.511,5.025],[102.516,5.033],[102.513,5.038],[102.512,5.042],[102.505,5.049],[102.51,5.061],[102.503,5.069],[102.503,5.076],[102.497,5.084],[102.501,5.092],[102.506,5.093],[102.509,5.091],[102.515,5.095],[102.514,5.103],[102.52,5.108],[102.523,5.113],[102.523,5.117],[102.511,5.128],[102.512,5.134],[102.505,5.133],[102.495,5.14],[102.483,5.141],[102.482,5.151],[102.471,5.16],[102.471,5.164],[102.461,5.166],[102.462,5.172],[102.455,5.175],[102.45,5.173],[102.441,5.174],[102.433,5.186],[102.42,5.186],[102.412,5.184],[102.409,5.188],[102.41,5.195],[102.414,5.197],[102.416,5.202],[102.416,5.206],[102.419,5.211],[102.418,5.225],[102.413,5.233],[102.411,5.24],[102.413,5.246],[102.411,5.265],[102.416,5.276],[102.412,5.288],[102.415,5.291],[102.411,5.299],[102.415,5.303],[102.418,5.322],[102.424,5.325],[102.427,5.33],[102.423,5.344],[102.426,5.35],[102.424,5.355],[102.425,5.36],[102.436,5.359],[102.438,5.371],[102.433,5.376],[102.426,5.374],[102.416,5.389],[102.417,5.397],[102.41,5.394],[102.405,5.4],[102.397,5.401],[102.395,5.405],[102.391,5.408],[102.388,5.412],[102.382,5.414],[102.381,5.431],[102.391,5.43],[102.399,5.444],[102.395,5.459],[102.397,5.466],[102.391,5.474],[102.386,5.478],[102.389,5.501],[102.384,5.512],[102.379,5.516],[102.378,5.521],[102.378,5.525],[102.386,5.526],[102.395,5.534],[102.398,5.541],[102.396,5.546],[102.4,5.548],[102.403,5.546],[102.405,5.547],[102.402,5.552],[102.402,5.556],[102.4,5.56],[102.401,5.564],[102.395,5.573],[102.397,5.578],[102.393,5.585],[102.392,5.602],[102.398,5.614],[102.394,5.621],[102.389,5.622],[102.391,5.628],[102.384,5.634],[102.387,5.644],[102.383,5.653],[102.383,5.663],[102.381,5.668],[102.383,5.676],[102.376,5.685],[102.377,5.694],[102.387,5.7],[102.394,5.697],[102.401,5.713],[102.413,5.722],[102.429,5.746],[102.456,5.765],[102.485,5.792],[102.519,5.83],[102.533,5.85],[102.507,5.872],[102.483,5.898],[102.47,5.919],[102.45,5.955],[102.373,6.129],[102.37,6.129],[102.346,6.169],[102.34,6.166],[102.332,6.173],[102.325,6.176],[102.322,6.179],[102.312,6.18],[102.293,6.189],[102.282,6.192],[102.255,6.207],[102.237,6.218],[102.199,6.228],[102.185,6.227],[102.176,6.221],[102.171,6.214],[102.167,6.213],[102.161,6.214],[102.141,6.22],[102.134,6.22],[102.119,6.224],[102.091,6.244],[102.09,6.242],[102.092,6.238],[102.091,6.234],[102.084,6.23],[102.08,6.225],[102.081,6.22],[102.079,6.211],[102.08,6.202],[102.078,6.198],[102.077,6.192],[102.081,6.181],[102.079,6.171],[102.083,6.171],[102.083,6.168],[102.086,6.166],[102.084,6.162],[102.085,6.158],[102.089,6.158],[102.092,6.154],[102.09,6.151],[102.093,6.148],[102.093,6.146],[102.087,6.141],[102.089,6.138],[102.087,6.139],[102.085,6.136],[102.083,6.137],[102.082,6.13],[102.08,6.13],[102.08,6.127],[102.077,6.128],[102.079,6.126],[102.078,6.124],[102.076,6.125],[102.076,6.122],[102.074,6.119],[102.076,6.118],[102.073,6.118],[102.075,6.116],[102.072,6.115],[102.071,6.109],[102.069,6.109],[102.068,6.11],[102.067,6.107],[102.065,6.107],[102.061,6.103],[102.06,6.099],[102.061,6.096],[102.059,6.097],[102.061,6.091],[102.058,6.091],[102.057,6.085],[102.054,6.08],[102.044,6.076],[102.044,6.074],[102.039,6.073],[102.034,6.069],[102.032,6.071],[102.03,6.066],[102.022,6.062],[102.02,6.052],[102.016,6.054],[102.012,6.051],[102.003,6.05],[102.004,6.044],[102.001,6.043],[101.999,6.04],[101.991,6.04],[101.982,6.029],[101.978,6.031],[101.978,6.027],[101.976,6.023],[101.971,6.019],[101.972,6.015],[101.971,6.011],[101.973,6.01],[101.972,6.006],[101.968,6.004],[101.968,6.001],[101.965,6.001],[101.965,5.999],[101.963,5.996],[101.96,5.997],[101.958,5.993],[101.954,5.996],[101.954,5.994],[101.956,5.992],[101.953,5.991],[101.952,5.987],[101.95,5.988],[101.951,5.99],[101.948,5.991],[101.949,5.984],[101.947,5.983],[101.946,5.987],[101.944,5.983],[101.943,5.982],[101.944,5.977],[101.946,5.979],[101.947,5.977],[101.94,5.973],[101.943,5.966],[101.941,5.959],[101.944,5.958],[101.944,5.954],[101.937,5.948],[101.935,5.949],[101.929,5.949],[101.929,5.944],[101.931,5.946],[101.932,5.945],[101.93,5.943],[101.932,5.941],[101.93,5.94],[101.929,5.937],[101.932,5.936],[101.932,5.935],[101.93,5.936],[101.929,5.935],[101.931,5.932],[101.93,5.931],[101.928,5.923],[101.926,5.925],[101.923,5.924],[101.924,5.92],[101.921,5.918],[101.922,5.917],[101.921,5.915],[101.922,5.91],[101.924,5.91],[101.926,5.908],[101.927,5.911],[101.93,5.91],[101.931,5.905],[101.931,5.907],[101.933,5.907],[101.933,5.905],[101.935,5.902],[101.934,5.9],[101.936,5.899],[101.935,5.897],[101.939,5.892],[101.937,5.888],[101.941,5.889],[101.939,5.888],[101.941,5.885],[101.94,5.879],[101.942,5.877],[101.944,5.872],[101.941,5.871],[101.942,5.868],[101.938,5.861],[101.937,5.863],[101.931,5.861],[101.927,5.855],[101.93,5.853],[101.926,5.849],[101.923,5.849],[101.921,5.845],[101.917,5.846],[101.917,5.843],[101.906,5.841],[101.9,5.844],[101.897,5.843],[101.896,5.846],[101.892,5.838],[101.889,5.837],[101.887,5.839],[101.884,5.838],[101.885,5.835],[101.88,5.833],[101.877,5.82],[101.88,5.816],[101.879,5.814],[101.881,5.813],[101.881,5.81],[101.878,5.811],[101.879,5.81],[101.876,5.808],[101.877,5.806],[101.875,5.807],[101.876,5.805],[101.874,5.803],[101.87,5.805],[101.868,5.802],[101.867,5.804],[101.864,5.803],[101.861,5.8],[101.863,5.798],[101.864,5.794],[101.867,5.793],[101.866,5.791],[101.858,5.792],[101.857,5.794],[101.856,5.791],[101.844,5.79],[101.844,5.789],[101.843,5.791],[101.841,5.79],[101.84,5.791],[101.836,5.789],[101.835,5.787],[101.836,5.786],[101.827,5.771],[101.822,5.759],[101.819,5.758],[101.819,5.755],[101.82,5.753],[101.823,5.754],[101.825,5.751],[101.825,5.743],[101.827,5.738],[101.826,5.735],[101.824,5.733],[101.816,5.733],[101.812,5.741],[101.809,5.743],[101.804,5.745],[101.799,5.751],[101.793,5.751],[101.79,5.753],[101.775,5.769],[101.774,5.773],[101.777,5.781],[101.776,5.784],[101.769,5.789],[101.766,5.79],[101.761,5.795],[101.754,5.797],[101.75,5.795],[101.748,5.793],[101.747,5.794],[101.745,5.794],[101.745,5.791],[101.739,5.782],[101.727,5.785],[101.726,5.782],[101.723,5.78],[101.721,5.788],[101.718,5.788],[101.718,5.776],[101.714,5.763],[101.711,5.763],[101.708,5.756],[101.703,5.753],[101.699,5.753],[101.691,5.755]]]}},{"type":"Feature","properties":{"code":"TRG","name":"Terengganu"},"geometry":{"type":"MultiPolygon","coordinates":[[[[103.673,4.803],[103.678,4.798],[103.678,4.795],[103.682,4.793],[103.686,4.796],[103.685,4.8],[103.688,4.804],[103.686,4.807],[103.691,4.81],[103.69,4.812],[103.686,4.812],[103.687,4.813],[103.682,4.814],[103.68,4.815],[103.682,4.817],[103.68,4.817],[103.677,4.812],[103.676,4.81],[103.678,4.81],[103.679,4.809],[103.678,4.805],[103.674,4.805],[103.673,4.803]]],[[[103.26,5.222],[103.263,5.213],[103.267,5.213],[103.269,5.21],[103.27,5.214],[103.269,5.218],[103.271,5.219],[103.268,5.223],[103.269,5.224],[103.268,5.231],[103.267,5.228],[103.261,5.225],[103.26,5.222]]],[[[103.056,5.618],[103.06,5.615],[103.059,5.612],[103.064,5.611],[103.069,5.613],[103.071,5.62],[103.069,5.626],[103.064,5.629],[103.058,5.625],[103.058,5.621],[103.056,5.618]]],[[[102.889,5.8],[102.893,5.797],[102.892,5.791],[102.898,5.791],[102.899,5.789],[102.901,5.789],[102.902,5.788],[102.903,5.79],[102.905,5.791],[102.903,5.794],[102.9,5.794],[102.892,5.803],[102.89,5.803],[102.889,5.8]]],[[[102.988,5.784],[102.991,5.776],[102.996,5.769],[102.995,5.758],[102.999,5.749],[102.999,5.754],[103.0,5.753],[103.002,5.758],[103.005,5.76],[103.006,5.752],[103.013,5.75],[103.019,5.752],[103.019,5.755],[103.026,5.764],[103.03,5.765],[103.03,5.763],[103.031,5.763],[103.03,5.767],[103.034,5.767],[103.034,5.769],[103.033,5.771],[103.037,5.773],[103.034,5.773],[103.034,5.777],[103.044,5.789],[103.041,5.791],[103.039,5.789],[103.038,5.791],[103.035,5.79],[103.034,5.791],[103.032,5.79],[103.032,5.793],[103.03,5.791],[103.028,5.794],[103.026,5.794],[103.022,5.789],[103.021,5.785],[103.014,5.786],[103.013,5.788],[103.014,5.792],[103.018,5.799],[103.016,5.8],[103.019,5.802],[103.019,5.807],[103.015,5.809],[103.015,5.81],[103.014,5.81],[103.011,5.817],[103.01,5.813],[103.007,5.813],[103.005,5.816],[103.003,5.815],[103.0,5.818],[102.998,5.816],[102.996,5.815],[102.993,5.805],[102.995,5.796],[102.994,5.788],[102.988,5.784]]],[[[102.652,4.772],[102.672,4.726],[102.695,4.722],[102.709,4.711],[102.723,4.694],[102.738,4.69],[102.792,4.68],[102.809,4.682],[102.823,4.688],[102.835,4.684],[102.849,4.672],[102.864,4.649],[102.868,4.633],[102.875,4.619],[102.86,4.605],[102.863,4.594],[102.875,4.583],[102.869,4.573],[102.84,4.564],[102.833,4.551],[102.854,4.499],[102.878,4.479],[102.918,4.471],[102.96,4.485],[102.975,4.484],[102.994,4.459],[103.007,4.449],[103.012,4.432],[103.022,4.421],[103.02,4.412],[103.002,4.377],[103.005,4.366],[103.013,4.351],[103.006,4.342],[102.975,4.348],[102.957,4.333],[102.947,4.302],[102.93,4.298],[102.929,4.283],[102.93,4.261],[102.909,4.232],[102.923,4.194],[102.917,4.172],[102.898,4.158],[102.898,4.147],[102.909,4.127],[102.93,4.119],[102.956,4.127],[102.985,4.142],[103.005,4.141],[103.059,4.128],[103.073,4.112],[103.102,4.109],[103.115,4.101],[103.133,4.072],[103.15,4.063],[103.166,4.044],[103.183,4.047],[103.194,4.056],[103.205,4.056],[103.213,4.036],[103.241,4.037],[103.252,4.011],[103.271,3.997],[103.268,3.973],[103.281,3.943],[103.303,3.933],[103.324,3.941],[103.334,3.968],[103.33,3.995],[103.32,4.026],[103.321,4.054],[103.315,4.078],[103.305,4.092],[103.304,4.12],[103.321,4.16],[103.318,4.194],[103.323,4.206],[103.341,4.206],[103.355,4.193],[103.375,4.193],[103.423,4.204],[103.441,4.203],[103.439,4.216],[103.442,4.231],[103.447,4.239],[103.446,4.239],[103.451,4.24],[103.453,4.236],[103.454,4.238],[103.457,4.236],[103.46,4.239],[103.461,4.255],[103.465,4.257],[103.471,4.256],[103.469,4.25],[103.472,4.25],[103.473,4.258],[103.473,4.265],[103.475,4.266],[103.476,4.273],[103.479,4.274],[103.477,4.28],[103.477,4.286],[103.479,4.287],[103.48,4.286],[103.483,4.287],[103.482,4.289],[103.484,4.289],[103.484,4.287],[103.484,4.291],[103.487,4.296],[103.488,4.306],[103.491,4.311],[103.49,4.314],[103.492,4.321],[103.492,4.33],[103.485,4.339],[103.468,4.367],[103.455,4.396],[103.456,4.413],[103.458,4.418],[103.455,4.425],[103.456,4.433],[103.448,4.454],[103.445,4.47],[103.449,4.503],[103.453,4.514],[103.455,4.514],[103.458,4.517],[103.466,4.517],[103.467,4.515],[103.471,4.522],[103.475,4.524],[103.475,4.528],[103.47,4.542],[103.473,4.544],[103.468,4.558],[103.469,4.56],[103.447,4.616],[103.439,4.638],[103.439,4.647],[103.44,4.653],[103.443,4.658],[103.446,4.654],[103.449,4.657],[103.446,4.671],[103.449,4.67],[103.447,4.673],[103.449,4.671],[103.447,4.674],[103.446,4.677],[103.448,4.68],[103.447,4.684],[103.449,4.687],[103.446,4.695],[103.447,4.697],[103.425,4.752],[103.422,4.766],[103.425,4.774],[103.431,4.782],[103.439,4.781],[103.425,4.809],[103.425,4.813],[103.362,4.922],[103.297,5.041],[103.234,5.164],[103.222,5.192],[103.214,5.204],[103.215,5.21],[103.213,5.211],[103.209,5.211],[103.205,5.217],[103.186,5.248],[103.183,5.257],[103.184,5.258],[103.183,5.258],[103.182,5.262],[103.182,5.264],[103.187,5.264],[103.188,5.26],[103.186,5.268],[103.184,5.269],[103.176,5.284],[103.174,5.285],[103.172,5.293],[103.152,5.331],[103.151,5.332],[103.155,5.337],[103.154,5.343],[103.15,5.345],[103.136,5.348],[103.136,5.351],[103.134,5.351],[103.119,5.379],[103.113,5.387],[103.117,5.394],[103.115,5.396],[103.109,5.393],[103.103,5.401],[103.043,5.456],[103.002,5.499],[102.975,5.523],[102.96,5.534],[102.947,5.54],[102.943,5.537],[102.944,5.534],[102.941,5.533],[102.932,5.534],[102.914,5.539],[102.896,5.548],[102.866,5.567],[102.863,5.568],[102.85,5.575],[102.834,5.589],[102.789,5.632],[102.756,5.657],[102.733,5.67],[102.727,5.673],[102.7,5.696],[102.66,5.74],[102.63,5.782],[102.625,5.782],[102.595,5.813],[102.579,5.821],[102.57,5.828],[102.561,5.838],[102.563,5.835],[102.562,5.832],[102.559,5.832],[102.559,5.835],[102.557,5.834],[102.545,5.838],[102.533,5.85],[102.519,5.83],[102.485,5.792],[102.456,5.765],[102.429,5.746],[102.413,5.722],[102.401,5.713],[102.394,5.697],[102.387,5.7],[102.377,5.694],[102.376,5.685],[102.383,5.676],[102.381,5.668],[102.383,5.663],[102.383,5.653],[102.387,5.644],[102.384,5.634],[102.391,5.628],[102.389,5.622],[102.394,5.621],[102.398,5.614],[102.392,5.602],[102.393,5.585],[102.397,5.578],[102.395,5.573],[102.401,5.564],[102.4,5.56],[102.402,5.556],[102.402,5.552],[102.405,5.547],[102.403,5.546],[102.4,5.548],[102.396,5.546],[102.398,5.541],[102.395,5.534],[102.386,5.526],[102.378,5.525],[102.378,5.521],[102.379,5.516],[102.384,5.512],[102.389,5.501],[102.386,5.478],[102.391,5.474],[102.397,5.466],[102.395,5.459],[102.399,5.444],[102.391,5.43],[102.381,5.431],[102.382,5.414],[102.388,5.412],[102.391,5.408],[102.395,5.405],[102.397,5.401],[102.405,5.4],[102.41,5.394],[102.417,5.397],[102.416,5.389],[102.426,5.374],[102.433,5.376],[102.438,5.371],[102.436,5.359],[102.425,5.36],[102.424,5.355],[102.426,5.35],[102.423,5.344],[102.427,5.33],[102.424,5.325],[102.418,5.322],[102.415,5.303],[102.411,5.299],[102.415,5.291],[102.412,5.288],[102.416,5.276],[102.411,5.265],[102.413,5.246],[102.411,5.24],[102.413,5.233],[102.418,5.225],[102.419,5.211],[102.416,5.206],[102.416,5.202],[102.414,5.197],[102.41,5.195],[102.409,5.188],[102.412,5.184],[102.42,5.186],[102.433,5.186],[102.441,5.174],[102.45,5.173],[102.455,5.175],[102.462,5.172],[102.461,5.166],[102.471,5.164],[102.471,5.16],[102.482,5.151],[102.483,5.141],[102.495,5.14],[102.505,5.133],[102.512,5.134],[102.511,5.128],[102.523,5.117],[102.523,5.113],[102.52,5.108],[102.514,5.103],[102.515,5.095],[102.509,5.091],[102.506,5.093],[102.501,5.092],[102.497,5.084],[102.503,5.076],[102.503,5.069],[102.51,5.061],[102.505,5.049],[102.512,5.042],[102.513,5.038],[102.516,5.033],[102.511,5.025],[102.512,5.021],[102.505,5.016],[102.496,5.015],[102.495,5.012],[102.498,5.009],[102.496,5.0],[102.5,4.988],[102.505,4.985],[102.507,4.978],[102.518,4.97],[102.51,4.961],[102.51,4.958],[102.517,4.954],[102.516,4.949],[102.511,4.949],[102.509,4.945],[102.51,4.928],[102.506,4.923],[102.507,4.92],[102.503,4.916],[102.501,4.912],[102.514,4.909],[102.524,4.903],[102.529,4.906],[102.533,4.914],[102.538,4.914],[102.54,4.91],[102.553,4.909],[102.56,4.902],[102.569,4.904],[102.574,4.897],[102.576,4.899],[102.583,4.89],[102.583,4.886],[102.589,4.882],[102.591,4.881],[102.598,4.883],[102.605,4.882],[102.606,4.876],[102.611,4.869],[102.619,4.87],[102.626,4.863],[102.631,4.865],[102.634,4.861],[102.641,4.858],[102.645,4.859],[102.649,4.85],[102.641,4.834],[102.641,4.83],[102.64,4.825],[102.648,4.823],[102.656,4.811],[102.655,4.8],[102.663,4.792],[102.661,4.784],[102.652,4.772]]],[[[102.738,5.894],[102.74,5.886],[102.742,5.886],[102.743,5.881],[102.746,5.883],[102.746,5.891],[102.754,5.895],[102.76,5.889],[102.762,5.884],[102.766,5.887],[102.77,5.885],[102.769,5.888],[102.773,5.893],[102.771,5.899],[102.769,5.902],[102.77,5.906],[102.77,5.909],[102.771,5.911],[102.769,5.915],[102.76,5.919],[102.76,5.925],[102.755,5.918],[102.754,5.911],[102.749,5.91],[102.747,5.911],[102.743,5.908],[102.743,5.903],[102.74,5.902],[102.738,5.904],[102.739,5.902],[102.738,5.894]]],[[[102.715,5.899],[102.716,5.896],[102.726,5.893],[102.73,5.896],[102.732,5.901],[102.732,5.909],[102.729,5.913],[102.724,5.915],[102.722,5.919],[102.723,5.921],[102.726,5.922],[102.727,5.924],[102.725,5.924],[102.725,5.926],[102.722,5.927],[102.721,5.929],[102.723,5.934],[102.727,5.935],[102.727,5.938],[102.721,5.938],[102.718,5.936],[102.719,5.932],[102.717,5.927],[102.718,5.924],[102.715,5.922],[102.717,5.918],[102.716,5.915],[102.717,5.913],[102.715,5.91],[102.715,5.899]]]]}},{"type":"Feature","properties":{"code":"PHG","name":"Pahang"},"geometry":{"type":"Polygon","coordinates":[[[101.915,3.257],[101.925,3.267],[101.93,3.269],[101.934,3.276],[101.934,3.283],[101.938,3.288],[101.944,3.283],[101.947,3.283],[101.954,3.27],[101.966,3.273],[101.971,3.272],[101.973,3.273],[101.975,3.271],[101.975,3.26],[101.978,3.258],[101.98,3.252],[101.979,3.246],[101.976,3.245],[101.981,3.239],[101.99,3.236],[101.995,3.237],[102.001,3.232],[102.002,3.23],[102.011,3.225],[102.017,3.226],[102.019,3.228],[102.026,3.228],[102.03,3.23],[102.036,3.225],[102.038,3.227],[102.044,3.226],[102.05,3.215],[102.052,3.209],[102.052,3.205],[102.056,3.197],[102.056,3.194],[102.052,3.19],[102.053,3.185],[102.056,3.182],[102.056,3.17],[102.062,3.166],[102.071,3.171],[102.072,3.171],[102.074,3.166],[102.076,3.166],[102.076,3.175],[102.081,3.182],[102.086,3.182],[102.098,3.192],[102.109,3.191],[102.114,3.188],[102.115,3.188],[102.116,3.191],[102.116,3.198],[102.124,3.198],[102.127,3.193],[102.134,3.193],[102.135,3.196],[102.141,3.197],[102.145,3.196],[102.159,3.179],[102.253,3.148],[102.389,3.117],[102.446,3.046],[102.484,3.008],[102.666,2.888],[102.689,2.882],[102.695,2.873],[102.695,2.864],[102.698,2.854],[102.696,2.85],[102.697,2.847],[102.695,2.845],[102.699,2.836],[102.697,2.834],[102.698,2.833],[102.701,2.834],[102.7,2.832],[102.802,2.799],[102.808,2.794],[102.85,2.736],[102.879,2.7],[102.959,2.607],[102.973,2.595],[103.152,2.524],[103.289,2.578],[103.354,2.591],[103.416,2.558],[103.426,2.559],[103.442,2.556],[103.447,2.553],[103.46,2.542],[103.472,2.526],[103.539,2.492],[103.609,2.458],[103.608,2.466],[103.609,2.471],[103.612,2.466],[103.617,2.463],[103.626,2.463],[103.639,2.487],[103.632,2.489],[103.63,2.491],[103.63,2.505],[103.623,2.513],[103.617,2.517],[103.618,2.525],[103.624,2.532],[103.624,2.533],[103.621,2.534],[103.616,2.53],[103.603,2.532],[103.594,2.526],[103.59,2.531],[103.591,2.536],[103.596,2.543],[103.592,2.55],[103.593,2.552],[103.607,2.565],[103.611,2.566],[103.612,2.564],[103.614,2.557],[103.617,2.557],[103.616,2.576],[103.614,2.578],[103.611,2.578],[103.605,2.569],[103.602,2.568],[103.6,2.569],[103.598,2.574],[103.602,2.583],[103.607,2.588],[103.612,2.589],[103.619,2.586],[103.625,2.587],[103.624,2.592],[103.614,2.594],[103.612,2.598],[103.616,2.602],[103.625,2.604],[103.627,2.606],[103.626,2.611],[103.615,2.619],[103.615,2.624],[103.623,2.629],[103.623,2.631],[103.616,2.634],[103.613,2.637],[103.617,2.647],[103.617,2.651],[103.612,2.653],[103.607,2.653],[103.603,2.65],[103.603,2.646],[103.607,2.64],[103.607,2.637],[103.602,2.633],[103.597,2.635],[103.595,2.638],[103.591,2.654],[103.596,2.664],[103.6,2.665],[103.61,2.663],[103.62,2.657],[103.628,2.66],[103.634,2.664],[103.63,2.668],[103.626,2.677],[103.62,2.682],[103.576,2.72],[103.558,2.736],[103.552,2.746],[103.543,2.752],[103.529,2.766],[103.493,2.813],[103.483,2.821],[103.461,2.852],[103.452,2.868],[103.441,2.897],[103.431,2.932],[103.43,2.941],[103.433,2.951],[103.434,2.967],[103.434,3.058],[103.436,3.068],[103.444,3.074],[103.446,3.08],[103.449,3.104],[103.444,3.168],[103.447,3.205],[103.443,3.232],[103.443,3.241],[103.431,3.29],[103.426,3.32],[103.424,3.349],[103.424,3.363],[103.428,3.402],[103.444,3.455],[103.456,3.472],[103.464,3.482],[103.472,3.489],[103.473,3.487],[103.469,3.48],[103.468,3.472],[103.47,3.47],[103.473,3.478],[103.475,3.501],[103.475,3.522],[103.471,3.53],[103.463,3.535],[103.442,3.553],[103.419,3.579],[103.369,3.645],[103.345,3.683],[103.34,3.694],[103.332,3.716],[103.326,3.737],[103.326,3.752],[103.328,3.768],[103.334,3.783],[103.34,3.793],[103.342,3.806],[103.356,3.808],[103.365,3.807],[103.371,3.801],[103.374,3.803],[103.373,3.814],[103.374,3.817],[103.378,3.819],[103.375,3.829],[103.377,3.833],[103.371,3.855],[103.367,3.877],[103.367,3.889],[103.366,3.899],[103.368,3.916],[103.373,3.924],[103.376,3.934],[103.394,3.961],[103.401,3.967],[103.403,3.966],[103.411,3.969],[103.431,3.956],[103.435,3.956],[103.435,3.961],[103.44,3.963],[103.438,3.966],[103.433,3.967],[103.433,3.97],[103.428,3.97],[103.428,3.971],[103.421,3.97],[103.416,3.979],[103.413,3.979],[103.411,3.983],[103.416,3.986],[103.423,3.975],[103.427,3.977],[103.429,3.975],[103.431,3.976],[103.425,3.985],[103.427,3.986],[103.428,3.985],[103.426,3.987],[103.425,3.987],[103.41,4.009],[103.397,4.044],[103.397,4.053],[103.392,4.068],[103.387,4.088],[103.385,4.111],[103.387,4.117],[103.393,4.124],[103.396,4.126],[103.396,4.124],[103.401,4.124],[103.404,4.128],[103.408,4.131],[103.411,4.161],[103.416,4.172],[103.424,4.176],[103.441,4.173],[103.445,4.178],[103.445,4.188],[103.441,4.203],[103.423,4.204],[103.375,4.193],[103.355,4.193],[103.341,4.206],[103.323,4.206],[103.318,4.194],[103.321,4.16],[103.304,4.12],[103.305,4.092],[103.315,4.078],[103.321,4.054],[103.32,4.026],[103.33,3.995],[103.334,3.968],[103.324,3.941],[103.303,3.933],[103.281,3.943],[103.268,3.973],[103.271,3.997],[103.252,4.011],[103.241,4.037],[103.213,4.036],[103.205,4.056],[103.194,4.056],[103.183,4.047],[103.166,4.044],[103.15,4.063],[103.133,4.072],[103.115,4.101],[103.102,4.109],[103.073,4.112],[103.059,4.128],[103.005,4.141],[102.985,4.142],[102.956,4.127],[102.93,4.119],[102.909,4.127],[102.898,4.147],[102.898,4.158],[102.917,4.172],[102.923,4.194],[102.909,4.232],[102.93,4.261],[102.929,4.283],[102.93,4.298],[102.947,4.302],[102.957,4.333],[102.975,4.348],[103.006,4.342],[103.013,4.351],[103.005,4.366],[103.002,4.377],[103.02,4.412],[103.022,4.421],[103.012,4.432],[103.007,4.449],[102.994,4.459],[102.975,4.484],[102.96,4.485],[102.918,4.471],[102.878,4.479],[102.854,4.499],[102.833,4.551],[102.84,4.564],[102.869,4.573],[102.875,4.583],[102.863,4.594],[102.86,4.605],[102.875,4.619],[102.868,4.633],[102.864,4.649],[102.849,4.672],[102.835,4.684],[102.823,4.688],[102.809,4.682],[102.792,4.68],[102.738,4.69],[102.723,4.694],[102.709,4.711],[102.695,4.722],[102.672,4.726],[102.652,4.772],[102.645,4.775],[102.632,4.776],[102.625,4.786],[102.616,4.787],[102.605,4.792],[102.604,4.786],[102.596,4.779],[102.6,4.774],[102.6,4.769],[102.596,4.762],[102.596,4.759],[102.594,4.757],[102.595,4.754],[102.591,4.749],[102.598,4.741],[102.599,4.726],[102.602,4.711],[102.599,4.707],[102.6,4.698],[102.593,4.698],[102.589,4.701],[102.584,4.702],[102.579,4.706],[102.572,4.705],[102.569,4.701],[102.55,4.721],[102.544,4.72],[102.541,4.717],[102.541,4.709],[102.533,4.698],[102.529,4.697],[102.526,4.694],[102.526,4.688],[102.521,4.689],[102.515,4.687],[102.509,4.68],[102.502,4.681],[102.497,4.679],[102.484,4.692],[102.454,4.713],[102.456,4.717],[102.445,4.723],[102.44,4.722],[102.436,4.724],[102.424,4.721],[102.414,4.725],[102.405,4.726],[102.399,4.72],[102.387,4.724],[102.377,4.725],[102.373,4.721],[102.365,4.722],[102.359,4.715],[102.359,4.71],[102.362,4.705],[102.369,4.702],[102.369,4.696],[102.362,4.688],[102.36,4.68],[102.352,4.677],[102.342,4.664],[102.341,4.653],[102.338,4.653],[102.332,4.654],[102.331,4.648],[102.314,4.647],[102.295,4.657],[102.284,4.667],[102.268,4.673],[102.261,4.668],[102.248,4.667],[102.242,4.663],[102.238,4.661],[102.231,4.662],[102.227,4.658],[102.232,4.644],[102.221,4.638],[102.207,4.646],[102.195,4.649],[102.188,4.662],[102.181,4.668],[102.172,4.67],[102.171,4.673],[102.174,4.677],[102.172,4.685],[102.168,4.693],[102.162,4.696],[102.158,4.703],[102.153,4.705],[102.144,4.716],[102.13,4.722],[102.123,4.731],[102.125,4.745],[102.114,4.773],[102.093,4.768],[102.089,4.764],[102.084,4.764],[102.076,4.755],[102.061,4.748],[102.057,4.754],[102.049,4.746],[102.05,4.737],[102.048,4.735],[102.045,4.737],[102.041,4.737],[102.038,4.742],[102.033,4.742],[102.027,4.752],[102.022,4.753],[102.019,4.744],[102.016,4.743],[102.009,4.749],[102.007,4.756],[102.003,4.759],[102.003,4.761],[101.999,4.763],[102.0,4.773],[101.985,4.768],[101.986,4.761],[101.982,4.759],[101.985,4.751],[101.968,4.762],[101.968,4.771],[101.963,4.773],[101.963,4.776],[101.949,4.768],[101.948,4.758],[101.952,4.745],[101.949,4.739],[101.951,4.723],[101.942,4.694],[101.943,4.681],[101.938,4.67],[101.925,4.668],[101.922,4.662],[101.922,4.655],[101.914,4.644],[101.911,4.635],[101.91,4.62],[101.901,4.62],[101.891,4.627],[101.891,4.64],[101.887,4.647],[101.891,4.662],[101.888,4.668],[101.891,4.673],[101.886,4.677],[101.887,4.684],[101.878,4.689],[101.869,4.69],[101.864,4.694],[101.861,4.704],[101.857,4.703],[101.856,4.699],[101.851,4.695],[101.846,4.697],[101.844,4.712],[101.845,4.716],[101.84,4.732],[101.833,4.733],[101.831,4.726],[101.822,4.729],[101.818,4.735],[101.821,4.761],[101.811,4.771],[101.805,4.771],[101.8,4.774],[101.795,4.773],[101.796,4.768],[101.792,4.767],[101.78,4.771],[101.774,4.76],[101.775,4.757],[101.773,4.753],[101.772,4.736],[101.775,4.726],[101.772,4.721],[101.775,4.716],[101.775,4.713],[101.771,4.713],[101.77,4.71],[101.771,4.7],[101.768,4.689],[101.772,4.683],[101.772,4.671],[101.768,4.666],[101.768,4.657],[101.765,4.653],[101.767,4.649],[101.763,4.634],[101.758,4.637],[101.756,4.635],[101.752,4.635],[101.754,4.63],[101.752,4.628],[101.753,4.623],[101.749,4.622],[101.746,4.625],[101.743,4.624],[101.739,4.626],[101.737,4.629],[101.734,4.63],[101.734,4.633],[101.73,4.635],[101.724,4.633],[101.724,4.628],[101.726,4.623],[101.724,4.622],[101.719,4.622],[101.717,4.619],[101.713,4.621],[101.711,4.62],[101.71,4.617],[101.705,4.616],[101.701,4.614],[101.69,4.613],[101.677,4.606],[101.674,4.607],[101.671,4.606],[101.67,4.597],[101.667,4.595],[101.666,4.586],[101.666,4.583],[101.661,4.578],[101.661,4.575],[101.654,4.573],[101.65,4.569],[101.643,4.569],[101.64,4.572],[101.636,4.572],[101.625,4.563],[101.625,4.56],[101.622,4.559],[101.619,4.559],[101.616,4.562],[101.615,4.567],[101.611,4.573],[101.607,4.574],[101.604,4.572],[101.598,4.572],[101.592,4.571],[101.591,4.566],[101.589,4.565],[101.584,4.57],[101.584,4.576],[101.578,4.576],[101.571,4.588],[101.563,4.592],[101.556,4.589],[101.549,4.589],[101.544,4.598],[101.542,4.608],[101.53,4.617],[101.524,4.619],[101.522,4.624],[101.519,4.624],[101.516,4.62],[101.506,4.62],[101.501,4.625],[101.5,4.621],[101.495,4.614],[101.491,4.614],[101.487,4.612],[101.484,4.614],[101.481,4.612],[101.475,4.593],[101.476,4.587],[101.468,4.586],[101.464,4.589],[101.459,4.587],[101.455,4.588],[101.45,4.588],[101.446,4.59],[101.443,4.602],[101.439,4.603],[101.432,4.607],[101.426,4.618],[101.416,4.623],[101.411,4.627],[101.407,4.626],[101.404,4.63],[101.401,4.63],[101.398,4.626],[101.385,4.622],[101.376,4.626],[101.373,4.626],[101.369,4.607],[101.371,4.601],[101.36,4.59],[101.351,4.572],[101.358,4.534],[101.378,4.522],[101.385,4.502],[101.359,4.484],[101.358,4.467],[101.335,4.433],[101.354,4.413],[101.358,4.397],[101.367,4.395],[101.387,4.409],[101.41,4.395],[101.436,4.387],[101.443,4.374],[101.424,4.341],[101.448,4.314],[101.452,4.269],[101.462,4.252],[101.463,4.247],[101.451,4.237],[101.45,4.228],[101.462,4.213],[101.504,4.207],[101.507,4.197],[101.492,4.16],[101.502,4.148],[101.502,4.131],[101.514,4.117],[101.531,4.125],[101.547,4.11],[101.556,4.106],[101.558,4.097],[101.572,4.082],[101.573,4.069],[101.558,4.038],[101.559,4.014],[101.569,3.998],[101.567,3.984],[101.571,3.975],[101.573,3.936],[101.572,3.896],[101.597,3.875],[101.594,3.844],[101.587,3.834],[101.594,3.821],[101.594,3.81],[101.588,3.805],[101.59,3.795],[101.61,3.793],[101.625,3.772],[101.625,3.769],[101.628,3.77],[101.639,3.753],[101.651,3.74],[101.654,3.737],[101.658,3.73],[101.667,3.728],[101.672,3.72],[101.682,3.72],[101.686,3.71],[101.693,3.708],[101.698,3.711],[101.704,3.709],[101.712,3.712],[101.716,3.709],[101.717,3.708],[101.721,3.707],[101.73,3.713],[101.733,3.711],[101.735,3.712],[101.741,3.709],[101.738,3.704],[101.741,3.696],[101.745,3.696],[101.75,3.692],[101.75,3.691],[101.752,3.691],[101.758,3.686],[101.759,3.683],[101.763,3.683],[101.765,3.681],[101.768,3.682],[101.769,3.681],[101.768,3.678],[101.772,3.671],[101.768,3.666],[101.781,3.652],[101.784,3.652],[101.786,3.649],[101.784,3.645],[101.786,3.641],[101.786,3.637],[101.784,3.635],[101.788,3.63],[101.791,3.628],[101.797,3.627],[101.798,3.623],[101.802,3.613],[101.809,3.614],[101.811,3.611],[101.81,3.607],[101.811,3.605],[101.816,3.605],[101.817,3.603],[101.815,3.594],[101.813,3.593],[101.812,3.587],[101.809,3.585],[101.81,3.578],[101.808,3.576],[101.811,3.57],[101.809,3.569],[101.81,3.565],[101.808,3.562],[101.807,3.549],[101.803,3.551],[101.8,3.547],[101.794,3.548],[101.789,3.546],[101.787,3.547],[101.779,3.536],[101.778,3.528],[101.773,3.521],[101.771,3.515],[101.767,3.513],[101.763,3.508],[101.764,3.499],[101.763,3.495],[101.766,3.49],[101.768,3.481],[101.768,3.478],[101.777,3.465],[101.779,3.46],[101.779,3.451],[101.782,3.445],[101.784,3.442],[101.784,3.438],[101.786,3.437],[101.785,3.431],[101.793,3.425],[101.789,3.419],[101.783,3.413],[101.78,3.407],[101.778,3.407],[101.776,3.402],[101.765,3.399],[101.766,3.386],[101.764,3.38],[101.761,3.379],[101.759,3.372],[101.773,3.36],[101.781,3.357],[101.781,3.353],[101.781,3.339],[101.788,3.335],[101.799,3.332],[101.806,3.324],[101.817,3.305],[101.829,3.291],[101.844,3.284],[101.852,3.284],[101.857,3.274],[101.869,3.269],[101.879,3.27],[101.888,3.259],[101.893,3.259],[101.897,3.264],[101.904,3.265],[101.907,3.262],[101.91,3.262],[101.912,3.261],[101.913,3.257],[101.915,3.257]]]}},{"type":"Feature","properties":{"code":"KDH","name":"Kedah"},"geometry":{"type":"MultiPolygon","coordinates":[[[[99.721,6.208],[99.723,6.205],[99.725,6.204],[99.723,6.2],[99.728,6.189],[99.723,6.187],[99.725,6.178],[99.727,6.18],[99.728,6.189],[99.729,6.19],[99.741,6.189],[99.744,6.186],[99.745,6.191],[99.749,6.195],[99.747,6.197],[99.743,6.198],[99.745,6.203],[99.738,6.205],[99.751,6.214],[99.752,6.221],[99.747,6.222],[99.742,6.225],[99.742,6.229],[99.744,6.231],[99.742,6.234],[99.743,6.23],[99.738,6.228],[99.734,6.22],[99.734,6.229],[99.733,6.229],[99.729,6.222],[99.727,6.215],[99.725,6.214],[99.724,6.211],[99.721,6.208]]],[[[99.712,6.235],[99.71,6.232],[99.712,6.231],[99.713,6.228],[99.711,6.221],[99.713,6.22],[99.713,6.217],[99.717,6.215],[99.722,6.221],[99.721,6.228],[99.722,6.229],[99.719,6.229],[99.717,6.23],[99.712,6.235]]],[[[99.821,6.234],[99.827,6.218],[99.831,6.223],[99.833,6.224],[99.834,6.223],[99.836,6.224],[99.839,6.222],[99.842,6.225],[99.852,6.226],[99.854,6.213],[99.855,6.214],[99.857,6.215],[99.858,6.221],[99.865,6.235],[99.864,6.239],[99.859,6.238],[99.855,6.239],[99.857,6.246],[99.86,6.249],[99.861,6.252],[99.859,6.253],[99.857,6.251],[99.858,6.257],[99.857,6.258],[99.852,6.258],[99.854,6.262],[99.85,6.262],[99.846,6.269],[99.842,6.267],[99.841,6.265],[99.832,6.261],[99.828,6.25],[99.824,6.245],[99.821,6.234]]],[[[99.768,6.218],[99.772,6.214],[99.775,6.216],[99.772,6.212],[99.773,6.211],[99.772,6.207],[99.776,6.205],[99.773,6.204],[99.774,6.202],[99.777,6.203],[99.781,6.21],[99.782,6.21],[99.783,6.199],[99.786,6.198],[99.785,6.195],[99.789,6.191],[99.79,6.186],[99.786,6.183],[99.788,6.177],[99.79,6.178],[99.789,6.18],[99.79,6.181],[99.792,6.178],[99.792,6.179],[99.795,6.182],[99.797,6.188],[99.802,6.189],[99.803,6.186],[99.803,6.181],[99.805,6.178],[99.804,6.177],[99.805,6.172],[99.807,6.174],[99.81,6.171],[99.811,6.171],[99.815,6.168],[99.815,6.171],[99.812,6.171],[99.812,6.173],[99.816,6.177],[99.817,6.181],[99.819,6.18],[99.821,6.18],[99.821,6.187],[99.822,6.189],[99.826,6.19],[99.828,6.2],[99.831,6.201],[99.828,6.203],[99.829,6.205],[99.827,6.21],[99.832,6.21],[99.832,6.216],[99.834,6.217],[99.836,6.215],[99.837,6.216],[99.833,6.221],[99.83,6.215],[99.826,6.215],[99.826,6.219],[99.818,6.231],[99.818,6.24],[99.825,6.25],[99.823,6.266],[99.826,6.27],[99.83,6.268],[99.835,6.275],[99.841,6.276],[99.839,6.279],[99.841,6.286],[99.84,6.291],[99.843,6.293],[99.842,6.295],[99.834,6.296],[99.833,6.293],[99.829,6.292],[99.826,6.289],[99.824,6.28],[99.822,6.278],[99.814,6.277],[99.807,6.273],[99.804,6.275],[99.798,6.271],[99.799,6.268],[99.797,6.267],[99.796,6.264],[99.797,6.259],[99.796,6.26],[99.794,6.254],[99.792,6.255],[99.791,6.249],[99.79,6.247],[99.789,6.242],[99.792,6.24],[99.788,6.237],[99.782,6.235],[99.782,6.23],[99.784,6.227],[99.779,6.226],[99.779,6.228],[99.78,6.229],[99.778,6.231],[99.777,6.229],[99.772,6.23],[99.774,6.221],[99.771,6.222],[99.768,6.218]]],[[[99.686,6.293],[99.688,6.289],[99.693,6.292],[99.695,6.291],[99.694,6.292],[99.698,6.297],[99.699,6.294],[99.695,6.292],[99.697,6.291],[99.699,6.291],[99.7,6.29],[99.701,6.293],[99.703,6.295],[99.702,6.297],[99.704,6.299],[99.704,6.304],[99.699,6.302],[99.698,6.304],[99.694,6.304],[99.694,6.299],[99.687,6.294],[99.686,6.293]]],[[[99.884,6.311],[99.886,6.31],[99.887,6.308],[99.89,6.309],[99.891,6.311],[99.892,6.309],[99.894,6.312],[99.895,6.31],[99.899,6.308],[99.9,6.31],[99.904,6.309],[99.912,6.31],[99.913,6.309],[99.911,6.305],[99.912,6.303],[99.919,6.302],[99.921,6.297],[99.92,6.294],[99.922,6.294],[99.924,6.298],[99.923,6.302],[99.925,6.305],[99.924,6.309],[99.928,6.317],[99.931,6.316],[99.93,6.313],[99.934,6.313],[99.934,6.319],[99.931,6.319],[99.929,6.324],[99.927,6.325],[99.925,6.323],[99.922,6.324],[99.92,6.321],[99.915,6.32],[99.913,6.318],[99.912,6.319],[99.905,6.32],[99.902,6.318],[99.899,6.319],[99.896,6.317],[99.893,6.318],[99.891,6.316],[99.891,6.313],[99.885,6.315],[99.886,6.313],[99.884,6.311]]],[[[99.908,6.412],[99.911,6.405],[99.913,6.402],[99.914,6.403],[99.913,6.405],[99.916,6.417],[99.915,6.423],[99.919,6.435],[99.919,6.438],[99.915,6.43],[99.915,6.425],[99.913,6.423],[99.912,6.424],[99.912,6.42],[99.911,6.419],[99.911,6.416],[99.908,6.412]]],[[[99.88,6.437],[99.882,6.429],[99.889,6.424],[99.898,6.421],[99.904,6.414],[99.905,6.415],[99.908,6.414],[99.907,6.416],[99.91,6.42],[99.908,6.421],[99.904,6.42],[99.906,6.423],[99.902,6.428],[99.901,6.433],[99.901,6.444],[99.899,6.444],[99.897,6.441],[99.895,6.442],[99.893,6.452],[99.889,6.455],[99.889,6.452],[99.883,6.45],[99.883,6.445],[99.88,6.437]]],[[[99.64,6.434],[99.642,6.429],[99.641,6.415],[99.644,6.414],[99.644,6.412],[99.644,6.406],[99.645,6.4],[99.642,6.396],[99.643,6.392],[99.644,6.392],[99.644,6.381],[99.647,6.375],[99.647,6.371],[99.652,6.365],[99.653,6.362],[99.656,6.361],[99.662,6.362],[99.667,6.365],[99.672,6.362],[99.673,6.365],[99.678,6.367],[99.683,6.365],[99.683,6.364],[99.685,6.366],[99.682,6.367],[99.683,6.369],[99.686,6.367],[99.683,6.36],[99.686,6.358],[99.69,6.359],[99.694,6.355],[99.697,6.359],[99.702,6.361],[99.704,6.359],[99.708,6.359],[99.711,6.362],[99.717,6.355],[99.716,6.353],[99.72,6.347],[99.721,6.341],[99.718,6.339],[99.721,6.338],[99.722,6.335],[99.723,6.327],[99.722,6.323],[99.713,6.31],[99.719,6.305],[99.719,6.304],[99.716,6.304],[99.719,6.303],[99.719,6.299],[99.725,6.292],[99.729,6.284],[99.731,6.269],[99.731,6.266],[99.727,6.263],[99.729,6.259],[99.731,6.261],[99.735,6.259],[99.736,6.26],[99.737,6.261],[99.735,6.266],[99.738,6.267],[99.741,6.266],[99.74,6.27],[99.746,6.267],[99.746,6.271],[99.75,6.27],[99.75,6.273],[99.751,6.272],[99.752,6.273],[99.751,6.276],[99.751,6.278],[99.752,6.278],[99.751,6.281],[99.756,6.279],[99.756,6.283],[99.759,6.285],[99.763,6.281],[99.767,6.284],[99.773,6.279],[99.776,6.281],[99.775,6.283],[99.777,6.284],[99.778,6.287],[99.781,6.288],[99.782,6.29],[99.785,6.289],[99.791,6.296],[99.79,6.298],[99.794,6.299],[99.795,6.302],[99.797,6.301],[99.8,6.305],[99.801,6.308],[99.803,6.308],[99.803,6.311],[99.801,6.311],[99.803,6.312],[99.802,6.314],[99.803,6.316],[99.802,6.317],[99.807,6.317],[99.805,6.319],[99.807,6.321],[99.811,6.32],[99.815,6.322],[99.82,6.32],[99.819,6.322],[99.826,6.325],[99.829,6.323],[99.829,6.325],[99.829,6.323],[99.83,6.325],[99.832,6.324],[99.832,6.322],[99.834,6.322],[99.835,6.324],[99.836,6.323],[99.837,6.325],[99.838,6.326],[99.84,6.325],[99.84,6.323],[99.842,6.323],[99.844,6.321],[99.847,6.322],[99.845,6.32],[99.847,6.318],[99.847,6.32],[99.848,6.319],[99.849,6.32],[99.848,6.317],[99.85,6.316],[99.851,6.316],[99.852,6.312],[99.854,6.309],[99.853,6.308],[99.854,6.31],[99.851,6.309],[99.851,6.307],[99.853,6.308],[99.85,6.307],[99.852,6.299],[99.854,6.299],[99.862,6.297],[99.861,6.291],[99.865,6.297],[99.864,6.302],[99.861,6.304],[99.863,6.308],[99.866,6.309],[99.869,6.306],[99.871,6.307],[99.874,6.306],[99.882,6.312],[99.879,6.317],[99.88,6.319],[99.883,6.319],[99.885,6.322],[99.889,6.324],[99.894,6.322],[99.895,6.326],[99.905,6.329],[99.906,6.328],[99.907,6.33],[99.911,6.329],[99.912,6.334],[99.915,6.335],[99.913,6.34],[99.915,6.346],[99.914,6.349],[99.913,6.351],[99.911,6.351],[99.906,6.358],[99.902,6.361],[99.9,6.365],[99.903,6.37],[99.907,6.37],[99.905,6.371],[99.905,6.373],[99.908,6.374],[99.908,6.378],[99.911,6.382],[99.91,6.393],[99.907,6.396],[99.904,6.393],[99.905,6.391],[99.901,6.39],[99.898,6.397],[99.898,6.406],[99.892,6.416],[99.89,6.416],[99.89,6.414],[99.887,6.42],[99.884,6.421],[99.884,6.418],[99.881,6.42],[99.88,6.422],[99.879,6.421],[99.873,6.429],[99.87,6.427],[99.867,6.43],[99.865,6.43],[99.864,6.433],[99.863,6.433],[99.863,6.431],[99.861,6.431],[99.861,6.433],[99.862,6.433],[99.86,6.436],[99.859,6.436],[99.859,6.434],[99.855,6.435],[99.855,6.438],[99.854,6.436],[99.853,6.438],[99.856,6.44],[99.854,6.442],[99.856,6.446],[99.855,6.448],[99.858,6.451],[99.856,6.455],[99.851,6.457],[99.852,6.458],[99.851,6.46],[99.855,6.459],[99.853,6.46],[99.854,6.462],[99.847,6.466],[99.848,6.469],[99.846,6.469],[99.844,6.471],[99.842,6.469],[99.835,6.473],[99.835,6.47],[99.834,6.47],[99.83,6.475],[99.827,6.477],[99.825,6.478],[99.824,6.476],[99.821,6.468],[99.819,6.468],[99.819,6.465],[99.821,6.464],[99.821,6.468],[99.824,6.469],[99.826,6.467],[99.825,6.466],[99.826,6.463],[99.829,6.462],[99.829,6.463],[99.832,6.461],[99.832,6.462],[99.835,6.461],[99.836,6.459],[99.839,6.461],[99.841,6.46],[99.841,6.462],[99.843,6.456],[99.843,6.454],[99.845,6.451],[99.846,6.445],[99.84,6.45],[99.834,6.452],[99.828,6.461],[99.819,6.452],[99.816,6.452],[99.814,6.456],[99.812,6.455],[99.806,6.448],[99.793,6.425],[99.783,6.422],[99.774,6.422],[99.772,6.424],[99.771,6.423],[99.772,6.425],[99.771,6.427],[99.768,6.429],[99.768,6.427],[99.767,6.426],[99.764,6.426],[99.763,6.431],[99.765,6.431],[99.762,6.431],[99.763,6.431],[99.764,6.425],[99.758,6.422],[99.755,6.425],[99.755,6.423],[99.755,6.425],[99.75,6.425],[99.749,6.427],[99.75,6.429],[99.748,6.429],[99.747,6.431],[99.746,6.427],[99.74,6.426],[99.74,6.424],[99.738,6.422],[99.739,6.42],[99.733,6.409],[99.731,6.416],[99.726,6.416],[99.729,6.419],[99.729,6.427],[99.734,6.43],[99.732,6.432],[99.726,6.431],[99.72,6.434],[99.708,6.435],[99.704,6.437],[99.689,6.433],[99.686,6.433],[99.685,6.435],[99.682,6.434],[99.677,6.436],[99.677,6.435],[99.675,6.435],[99.676,6.431],[99.674,6.428],[99.667,6.426],[99.663,6.43],[99.663,6.434],[99.66,6.432],[99.656,6.433],[99.654,6.436],[99.65,6.438],[99.643,6.437],[99.64,6.434]]],[[[100.998,5.78],[100.996,5.785],[100.993,5.783],[100.989,5.784],[100.989,5.796],[100.987,5.801],[100.985,5.803],[100.984,5.809],[100.992,5.812],[100.996,5.817],[100.999,5.818],[101.0,5.823],[101.002,5.825],[101.002,5.829],[101.007,5.832],[101.009,5.837],[101.012,5.837],[101.006,5.852],[101.01,5.857],[101.01,5.869],[101.009,5.874],[101.013,5.875],[101.014,5.877],[101.014,5.882],[101.019,5.886],[101.019,5.89],[101.022,5.891],[101.025,5.899],[101.029,5.902],[101.029,5.905],[101.026,5.907],[101.027,5.91],[101.026,5.913],[101.028,5.915],[101.033,5.915],[101.037,5.918],[101.044,5.916],[101.047,5.913],[101.053,5.91],[101.055,5.912],[101.056,5.916],[101.06,5.916],[101.062,5.919],[101.063,5.92],[101.071,5.917],[101.075,5.918],[101.08,5.915],[101.085,5.909],[101.087,5.911],[101.087,5.917],[101.089,5.92],[101.088,5.923],[101.088,5.926],[101.092,5.926],[101.092,5.933],[101.097,5.937],[101.1,5.942],[101.095,5.95],[101.102,5.951],[101.109,5.959],[101.112,5.958],[101.113,5.96],[101.115,5.968],[101.119,5.97],[101.119,5.974],[101.124,5.977],[101.124,5.982],[101.116,5.985],[101.114,5.987],[101.115,5.989],[101.11,5.989],[101.107,5.99],[101.106,6.0],[101.109,6.002],[101.109,6.005],[101.113,6.009],[101.111,6.01],[101.108,6.017],[101.111,6.02],[101.108,6.029],[101.113,6.032],[101.114,6.039],[101.106,6.045],[101.106,6.048],[101.103,6.048],[101.1,6.05],[101.105,6.061],[101.105,6.063],[101.111,6.066],[101.11,6.074],[101.112,6.076],[101.111,6.077],[101.115,6.08],[101.117,6.086],[101.115,6.093],[101.121,6.095],[101.127,6.095],[101.128,6.098],[101.127,6.107],[101.124,6.108],[101.124,6.11],[101.119,6.115],[101.114,6.113],[101.106,6.113],[101.108,6.118],[101.106,6.124],[101.102,6.123],[101.1,6.127],[101.095,6.129],[101.089,6.134],[101.087,6.134],[101.075,6.135],[101.072,6.14],[101.065,6.14],[101.063,6.141],[101.062,6.14],[101.059,6.142],[101.061,6.151],[101.064,6.151],[101.071,6.159],[101.076,6.16],[101.075,6.171],[101.085,6.174],[101.086,6.179],[101.093,6.176],[101.097,6.18],[101.101,6.178],[101.108,6.179],[101.112,6.182],[101.117,6.184],[101.124,6.191],[101.127,6.193],[101.124,6.2],[101.115,6.204],[101.119,6.212],[101.115,6.217],[101.116,6.221],[101.113,6.223],[101.113,6.227],[101.111,6.228],[101.11,6.232],[101.105,6.238],[101.109,6.246],[101.111,6.248],[101.112,6.252],[101.108,6.252],[101.103,6.254],[101.101,6.257],[101.095,6.26],[101.082,6.26],[101.075,6.255],[101.072,6.258],[101.067,6.256],[101.064,6.259],[101.061,6.257],[101.06,6.254],[101.054,6.255],[101.049,6.254],[101.044,6.25],[101.042,6.249],[101.04,6.25],[101.032,6.244],[101.028,6.245],[101.027,6.247],[101.021,6.25],[101.02,6.247],[101.015,6.247],[101.012,6.249],[101.01,6.256],[101.008,6.256],[101.003,6.26],[101.001,6.26],[100.997,6.263],[100.994,6.263],[100.993,6.266],[100.99,6.266],[100.985,6.276],[100.984,6.279],[100.976,6.28],[100.972,6.283],[100.969,6.283],[100.967,6.282],[100.968,6.279],[100.968,6.275],[100.966,6.272],[100.96,6.271],[100.959,6.269],[100.956,6.269],[100.955,6.266],[100.947,6.264],[100.946,6.257],[100.948,6.252],[100.945,6.249],[100.945,6.243],[100.93,6.243],[100.922,6.245],[100.917,6.248],[100.913,6.245],[100.911,6.242],[100.907,6.24],[100.907,6.237],[100.904,6.234],[100.899,6.235],[100.893,6.24],[100.892,6.249],[100.886,6.25],[100.885,6.255],[100.881,6.255],[100.878,6.257],[100.876,6.258],[100.875,6.263],[100.872,6.265],[100.871,6.264],[100.871,6.261],[100.869,6.26],[100.87,6.253],[100.866,6.246],[100.87,6.24],[100.86,6.235],[100.858,6.233],[100.854,6.232],[100.851,6.234],[100.847,6.247],[100.844,6.25],[100.844,6.255],[100.846,6.257],[100.844,6.261],[100.845,6.263],[100.839,6.277],[100.839,6.282],[100.835,6.285],[100.835,6.289],[100.837,6.291],[100.835,6.297],[100.838,6.3],[100.841,6.3],[100.843,6.308],[100.848,6.31],[100.85,6.309],[100.849,6.315],[100.84,6.323],[100.841,6.327],[100.836,6.339],[100.831,6.346],[100.829,6.347],[100.828,6.352],[100.822,6.356],[100.823,6.363],[100.821,6.368],[100.822,6.371],[100.821,6.374],[100.824,6.38],[100.824,6.384],[100.823,6.386],[100.821,6.399],[100.822,6.402],[100.824,6.404],[100.824,6.407],[100.821,6.418],[100.816,6.423],[100.817,6.427],[100.814,6.431],[100.815,6.433],[100.813,6.436],[100.813,6.442],[100.811,6.445],[100.808,6.444],[100.804,6.446],[100.792,6.448],[100.787,6.454],[100.782,6.455],[100.782,6.456],[100.776,6.463],[100.773,6.458],[100.769,6.455],[100.759,6.457],[100.758,6.456],[100.756,6.457],[100.753,6.458],[100.744,6.471],[100.744,6.48],[100.743,6.484],[100.74,6.486],[100.739,6.491],[100.742,6.495],[100.744,6.5],[100.742,6.501],[100.741,6.507],[100.739,6.51],[100.734,6.51],[100.733,6.506],[100.73,6.505],[100.732,6.502],[100.729,6.501],[100.731,6.497],[100.729,6.495],[100.723,6.495],[100.72,6.491],[100.719,6.486],[100.712,6.482],[100.709,6.471],[100.703,6.47],[100.699,6.471],[100.697,6.47],[100.698,6.466],[100.694,6.464],[100.693,6.465],[100.686,6.465],[100.687,6.462],[100.684,6.457],[100.685,6.454],[100.679,6.454],[100.672,6.452],[100.662,6.451],[100.652,6.443],[100.65,6.446],[100.647,6.446],[100.646,6.449],[100.643,6.45],[100.646,6.453],[100.646,6.458],[100.626,6.458],[100.618,6.46],[100.614,6.462],[100.614,6.466],[100.609,6.469],[100.608,6.472],[100.605,6.472],[100.604,6.469],[100.602,6.468],[100.598,6.475],[100.595,6.477],[100.589,6.479],[100.585,6.478],[100.573,6.483],[100.563,6.496],[100.558,6.493],[100.553,6.491],[100.548,6.484],[100.542,6.491],[100.537,6.487],[100.532,6.49],[100.526,6.487],[100.524,6.49],[100.519,6.489],[100.515,6.493],[100.512,6.492],[100.508,6.501],[100.506,6.499],[100.502,6.5],[100.5,6.507],[100.497,6.505],[100.494,6.509],[100.493,6.517],[100.496,6.518],[100.496,6.521],[100.49,6.525],[100.487,6.522],[100.482,6.524],[100.48,6.523],[100.477,6.524],[100.47,6.52],[100.467,6.522],[100.467,6.525],[100.462,6.525],[100.46,6.531],[100.457,6.532],[100.454,6.527],[100.446,6.526],[100.443,6.527],[100.442,6.526],[100.44,6.527],[100.434,6.523],[100.432,6.522],[100.431,6.524],[100.428,6.523],[100.424,6.518],[100.421,6.518],[100.418,6.519],[100.416,6.523],[100.411,6.523],[100.408,6.529],[100.403,6.53],[100.402,6.536],[100.397,6.534],[100.388,6.535],[100.387,6.539],[100.384,6.538],[100.382,6.542],[100.373,6.545],[100.369,6.539],[100.372,6.537],[100.378,6.517],[100.373,6.504],[100.373,6.479],[100.366,6.452],[100.326,6.429],[100.308,6.407],[100.298,6.398],[100.297,6.393],[100.211,6.297],[100.21,6.271],[100.2,6.255],[100.195,6.252],[100.196,6.25],[100.199,6.246],[100.201,6.247],[100.212,6.242],[100.236,6.22],[100.235,6.219],[100.237,6.216],[100.241,6.214],[100.264,6.175],[100.277,6.138],[100.279,6.112],[100.285,6.104],[100.285,6.098],[100.286,6.095],[100.289,6.091],[100.3,6.081],[100.311,6.07],[100.327,6.046],[100.337,6.016],[100.347,5.978],[100.35,5.974],[100.349,5.968],[100.354,5.942],[100.358,5.893],[100.357,5.88],[100.354,5.879],[100.357,5.879],[100.361,5.868],[100.362,5.854],[100.364,5.85],[100.369,5.814],[100.367,5.8],[100.367,5.778],[100.365,5.764],[100.362,5.752],[100.36,5.75],[100.358,5.75],[100.358,5.748],[100.361,5.748],[100.363,5.746],[100.362,5.739],[100.352,5.709],[100.351,5.703],[100.354,5.694],[100.357,5.688],[100.365,5.68],[100.372,5.679],[100.374,5.675],[100.374,5.671],[100.371,5.67],[100.365,5.665],[100.362,5.666],[100.357,5.664],[100.353,5.665],[100.351,5.669],[100.346,5.67],[100.344,5.673],[100.342,5.673],[100.339,5.663],[100.336,5.661],[100.332,5.662],[100.334,5.656],[100.331,5.655],[100.331,5.654],[100.335,5.655],[100.339,5.652],[100.341,5.636],[100.341,5.612],[100.339,5.579],[100.34,5.577],[100.363,5.573],[100.368,5.577],[100.369,5.585],[100.372,5.586],[100.376,5.58],[100.378,5.579],[100.383,5.585],[100.384,5.585],[100.386,5.583],[100.387,5.578],[100.394,5.579],[100.401,5.576],[100.405,5.574],[100.41,5.567],[100.424,5.562],[100.43,5.566],[100.432,5.566],[100.435,5.561],[100.437,5.565],[100.444,5.567],[100.446,5.566],[100.447,5.561],[100.449,5.561],[100.451,5.567],[100.452,5.568],[100.46,5.564],[100.464,5.566],[100.469,5.566],[100.473,5.562],[100.48,5.565],[100.482,5.564],[100.486,5.561],[100.487,5.569],[100.491,5.567],[100.505,5.567],[100.506,5.566],[100.508,5.559],[100.516,5.561],[100.52,5.559],[100.523,5.559],[100.524,5.559],[100.524,5.554],[100.523,5.552],[100.526,5.549],[100.528,5.555],[100.529,5.541],[100.524,5.364],[100.538,5.25],[100.545,5.213],[100.551,5.142],[100.543,5.139],[100.538,5.138],[100.514,5.144],[100.507,5.145],[100.499,5.143],[100.499,5.143],[100.499,5.143],[100.497,5.141],[100.496,5.14],[100.494,5.137],[100.493,5.134],[100.493,5.133],[100.493,5.133],[100.493,5.132],[100.493,5.131],[100.493,5.131],[100.496,5.129],[100.497,5.128],[100.498,5.126],[100.498,5.12],[100.499,5.118],[100.503,5.118],[100.504,5.121],[100.504,5.124],[100.506,5.126],[100.509,5.126],[100.516,5.12],[100.519,5.117],[100.519,5.113],[100.511,5.11],[100.513,5.095],[100.521,5.096],[100.523,5.095],[100.53,5.088],[100.535,5.088],[100.537,5.094],[100.541,5.096],[100.545,5.093],[100.544,5.087],[100.547,5.086],[100.545,5.081],[100.549,5.08],[100.551,5.076],[100.553,5.077],[100.552,5.08],[100.559,5.079],[100.562,5.081],[100.563,5.079],[100.563,5.081],[100.566,5.082],[100.565,5.086],[100.571,5.092],[100.574,5.093],[100.574,5.094],[100.576,5.094],[100.577,5.096],[100.58,5.098],[100.583,5.098],[100.584,5.096],[100.586,5.097],[100.582,5.105],[100.586,5.105],[100.587,5.107],[100.589,5.106],[100.587,5.109],[100.589,5.11],[100.589,5.112],[100.592,5.114],[100.591,5.117],[100.591,5.119],[100.59,5.119],[100.59,5.12],[100.593,5.121],[100.592,5.122],[100.593,5.124],[100.595,5.124],[100.596,5.127],[100.597,5.124],[100.598,5.126],[100.602,5.125],[100.604,5.126],[100.603,5.129],[100.605,5.126],[100.604,5.128],[100.606,5.13],[100.605,5.131],[100.608,5.132],[100.607,5.134],[100.61,5.132],[100.614,5.134],[100.619,5.133],[100.619,5.138],[100.622,5.139],[100.623,5.138],[100.622,5.141],[100.625,5.14],[100.626,5.142],[100.624,5.144],[100.627,5.148],[100.625,5.148],[100.625,5.151],[100.627,5.15],[100.627,5.153],[100.629,5.154],[100.628,5.158],[100.629,5.159],[100.628,5.161],[100.63,5.165],[100.633,5.165],[100.635,5.168],[100.638,5.168],[100.641,5.17],[100.642,5.174],[100.646,5.173],[100.647,5.175],[100.649,5.175],[100.65,5.178],[100.652,5.18],[100.651,5.184],[100.654,5.184],[100.655,5.181],[100.658,5.181],[100.66,5.183],[100.662,5.19],[100.664,5.19],[100.664,5.193],[100.664,5.194],[100.667,5.198],[100.67,5.198],[100.672,5.204],[100.676,5.209],[100.677,5.214],[100.679,5.215],[100.678,5.218],[100.681,5.218],[100.682,5.22],[100.685,5.222],[100.686,5.223],[100.685,5.227],[100.688,5.229],[100.687,5.23],[100.69,5.235],[100.689,5.237],[100.69,5.238],[100.69,5.244],[100.691,5.243],[100.692,5.246],[100.694,5.249],[100.697,5.248],[100.701,5.251],[100.702,5.25],[100.704,5.252],[100.706,5.254],[100.708,5.258],[100.709,5.257],[100.709,5.258],[100.711,5.256],[100.712,5.258],[100.715,5.257],[100.719,5.26],[100.727,5.264],[100.728,5.267],[100.731,5.268],[100.729,5.269],[100.73,5.273],[100.728,5.276],[100.73,5.276],[100.73,5.278],[100.73,5.279],[100.731,5.28],[100.731,5.28],[100.732,5.281],[100.73,5.282],[100.731,5.284],[100.73,5.285],[100.731,5.285],[100.732,5.298],[100.734,5.301],[100.733,5.301],[100.733,5.303],[100.736,5.302],[100.737,5.305],[100.738,5.306],[100.734,5.312],[100.737,5.313],[100.739,5.313],[100.748,5.319],[100.755,5.319],[100.759,5.319],[100.758,5.318],[100.76,5.317],[100.761,5.315],[100.764,5.318],[100.767,5.317],[100.767,5.319],[100.77,5.319],[100.771,5.32],[100.773,5.319],[100.774,5.319],[100.774,5.318],[100.776,5.316],[100.782,5.316],[100.781,5.313],[100.787,5.319],[100.787,5.323],[100.792,5.324],[100.793,5.321],[100.796,5.32],[100.797,5.322],[100.8,5.323],[100.804,5.319],[100.805,5.32],[100.809,5.319],[100.809,5.323],[100.81,5.323],[100.813,5.321],[100.815,5.324],[100.817,5.322],[100.819,5.323],[100.818,5.325],[100.817,5.325],[100.821,5.331],[100.832,5.339],[100.842,5.349],[100.857,5.376],[100.866,5.407],[100.872,5.464],[100.893,5.503],[100.91,5.496],[100.926,5.505],[100.936,5.52],[100.935,5.525],[100.938,5.527],[100.936,5.537],[100.942,5.547],[100.942,5.55],[100.944,5.554],[100.946,5.589],[100.926,5.61],[100.931,5.625],[100.948,5.631],[100.952,5.646],[100.972,5.652],[100.974,5.69],[100.984,5.709],[100.982,5.727],[100.966,5.742],[100.951,5.763],[100.959,5.773],[100.994,5.777],[100.998,5.78]]]]}},{"type":"Feature","properties":{"code":"PLS","name":"Perlis"},"geometry":{"type":"Polygon","coordinates":[[[100.372,6.537],[100.366,6.54],[100.365,6.544],[100.36,6.548],[100.358,6.554],[100.36,6.557],[100.356,6.559],[100.356,6.562],[100.354,6.561],[100.354,6.569],[100.352,6.573],[100.348,6.573],[100.345,6.571],[100.342,6.575],[100.342,6.58],[100.336,6.582],[100.337,6.584],[100.335,6.585],[100.328,6.584],[100.325,6.586],[100.325,6.589],[100.32,6.592],[100.316,6.604],[100.312,6.603],[100.307,6.606],[100.305,6.605],[100.306,6.611],[100.31,6.611],[100.312,6.613],[100.316,6.613],[100.326,6.621],[100.324,6.625],[100.324,6.628],[100.322,6.63],[100.321,6.636],[100.317,6.635],[100.316,6.637],[100.317,6.64],[100.322,6.642],[100.322,6.649],[100.319,6.654],[100.326,6.66],[100.328,6.664],[100.322,6.666],[100.319,6.664],[100.316,6.668],[100.313,6.666],[100.309,6.667],[100.306,6.668],[100.306,6.67],[100.305,6.672],[100.302,6.68],[100.3,6.68],[100.297,6.678],[100.294,6.68],[100.29,6.691],[100.292,6.696],[100.291,6.699],[100.295,6.704],[100.291,6.71],[100.287,6.708],[100.284,6.709],[100.279,6.707],[100.278,6.704],[100.272,6.704],[100.267,6.699],[100.265,6.699],[100.264,6.699],[100.262,6.707],[100.257,6.711],[100.257,6.708],[100.255,6.709],[100.253,6.709],[100.253,6.704],[100.251,6.703],[100.249,6.697],[100.247,6.696],[100.244,6.696],[100.244,6.693],[100.24,6.692],[100.236,6.694],[100.234,6.693],[100.232,6.695],[100.229,6.693],[100.219,6.702],[100.219,6.709],[100.216,6.713],[100.215,6.719],[100.212,6.72],[100.208,6.72],[100.206,6.721],[100.204,6.724],[100.205,6.726],[100.202,6.725],[100.199,6.722],[100.197,6.722],[100.196,6.721],[100.186,6.717],[100.186,6.713],[100.179,6.7],[100.178,6.696],[100.172,6.694],[100.175,6.683],[100.179,6.683],[100.18,6.68],[100.18,6.673],[100.178,6.669],[100.181,6.66],[100.181,6.654],[100.175,6.65],[100.172,6.65],[100.168,6.648],[100.169,6.633],[100.166,6.632],[100.168,6.627],[100.167,6.624],[100.169,6.622],[100.17,6.609],[100.176,6.604],[100.178,6.605],[100.181,6.602],[100.181,6.597],[100.179,6.596],[100.178,6.592],[100.181,6.587],[100.181,6.583],[100.184,6.58],[100.182,6.576],[100.184,6.573],[100.177,6.572],[100.176,6.567],[100.172,6.574],[100.17,6.575],[100.169,6.572],[100.166,6.57],[100.163,6.572],[100.162,6.576],[100.157,6.579],[100.156,6.575],[100.158,6.575],[100.16,6.57],[100.159,6.568],[100.16,6.563],[100.154,6.557],[100.154,6.549],[100.156,6.542],[100.156,6.537],[100.157,6.532],[100.156,6.531],[100.158,6.523],[100.155,6.522],[100.157,6.516],[100.158,6.506],[100.161,6.503],[100.159,6.495],[100.161,6.493],[100.16,6.487],[100.155,6.487],[100.154,6.485],[100.155,6.483],[100.159,6.481],[100.157,6.478],[100.155,6.477],[100.154,6.479],[100.151,6.476],[100.152,6.472],[100.15,6.47],[100.146,6.469],[100.146,6.467],[100.144,6.463],[100.148,6.452],[100.144,6.451],[100.143,6.448],[100.14,6.448],[100.136,6.444],[100.136,6.441],[100.134,6.439],[100.135,6.435],[100.134,6.429],[100.128,6.425],[100.125,6.425],[100.124,6.423],[100.12,6.423],[100.126,6.404],[100.13,6.4],[100.127,6.397],[100.129,6.393],[100.133,6.392],[100.136,6.385],[100.15,6.343],[100.157,6.332],[100.156,6.328],[100.166,6.302],[100.167,6.301],[100.17,6.291],[100.184,6.265],[100.191,6.256],[100.196,6.253],[100.2,6.255],[100.21,6.271],[100.211,6.297],[100.297,6.393],[100.298,6.398],[100.308,6.407],[100.326,6.429],[100.366,6.452],[100.373,6.479],[100.373,6.504],[100.378,6.517],[100.372,6.537]]]}},{"type":"Feature","properties":{"code":"PRK","name":"Perak"},"geometry":{"type":"MultiPolygon","coordinates":[[[[100.637,4.157],[100.637,4.155],[100.656,4.155],[100.657,4.167],[100.645,4.17],[100.637,4.169],[100.637,4.157]]],[[[100.538,4.195],[100.539,4.187],[100.547,4.187],[100.547,4.191],[100.549,4.195],[100.547,4.198],[100.547,4.201],[100.545,4.203],[100.543,4.201],[100.54,4.202],[100.539,4.2],[100.539,4.199],[100.543,4.197],[100.542,4.195],[100.538,4.195]]],[[[100.536,4.245],[100.538,4.243],[100.543,4.241],[100.542,4.239],[100.546,4.238],[100.545,4.229],[100.539,4.226],[100.544,4.222],[100.545,4.219],[100.543,4.215],[100.545,4.212],[100.549,4.214],[100.557,4.21],[100.561,4.199],[100.561,4.195],[100.564,4.19],[100.57,4.189],[100.573,4.191],[100.582,4.188],[100.582,4.193],[100.576,4.198],[100.577,4.202],[100.58,4.202],[100.58,4.204],[100.575,4.209],[100.576,4.213],[100.578,4.215],[100.576,4.219],[100.577,4.219],[100.576,4.219],[100.576,4.227],[100.573,4.237],[100.568,4.244],[100.569,4.249],[100.564,4.254],[100.56,4.251],[100.559,4.248],[100.554,4.249],[100.552,4.252],[100.554,4.254],[100.552,4.256],[100.551,4.263],[100.549,4.264],[100.547,4.266],[100.541,4.266],[100.537,4.264],[100.536,4.261],[100.538,4.257],[100.546,4.255],[100.546,4.249],[100.545,4.247],[100.54,4.247],[100.536,4.245]]],[[[101.625,3.772],[101.61,3.793],[101.59,3.795],[101.588,3.805],[101.594,3.81],[101.594,3.821],[101.587,3.834],[101.594,3.844],[101.597,3.875],[101.572,3.896],[101.573,3.936],[101.571,3.975],[101.567,3.984],[101.569,3.998],[101.559,4.014],[101.558,4.038],[101.573,4.069],[101.572,4.082],[101.558,4.097],[101.556,4.106],[101.547,4.11],[101.531,4.125],[101.514,4.117],[101.502,4.131],[101.502,4.148],[101.492,4.16],[101.507,4.197],[101.504,4.207],[101.462,4.213],[101.45,4.228],[101.451,4.237],[101.463,4.247],[101.462,4.252],[101.452,4.269],[101.448,4.314],[101.424,4.341],[101.443,4.374],[101.436,4.387],[101.41,4.395],[101.387,4.409],[101.367,4.395],[101.358,4.397],[101.354,4.413],[101.335,4.433],[101.358,4.467],[101.359,4.484],[101.385,4.502],[101.378,4.522],[101.358,4.534],[101.351,4.572],[101.36,4.59],[101.371,4.601],[101.369,4.607],[101.373,4.626],[101.371,4.635],[101.378,4.642],[101.371,4.647],[101.365,4.647],[101.363,4.652],[101.362,4.665],[101.358,4.672],[101.354,4.672],[101.351,4.676],[101.349,4.684],[101.344,4.685],[101.341,4.691],[101.336,4.692],[101.334,4.696],[101.334,4.707],[101.341,4.711],[101.34,4.716],[101.343,4.721],[101.348,4.723],[101.35,4.718],[101.357,4.718],[101.367,4.725],[101.371,4.723],[101.373,4.718],[101.381,4.719],[101.383,4.724],[101.389,4.731],[101.384,4.749],[101.379,4.753],[101.381,4.759],[101.375,4.772],[101.382,4.772],[101.386,4.774],[101.397,4.773],[101.397,4.785],[101.406,4.798],[101.407,4.803],[101.41,4.806],[101.413,4.813],[101.416,4.822],[101.412,4.824],[101.408,4.835],[101.401,4.844],[101.404,4.849],[101.403,4.852],[101.405,4.854],[101.414,4.854],[101.411,4.86],[101.411,4.865],[101.415,4.865],[101.418,4.863],[101.423,4.864],[101.426,4.861],[101.435,4.869],[101.442,4.867],[101.446,4.868],[101.446,4.872],[101.438,4.876],[101.439,4.88],[101.437,4.883],[101.438,4.888],[101.446,4.888],[101.447,4.893],[101.455,4.9],[101.451,4.91],[101.455,4.917],[101.455,4.933],[101.446,4.951],[101.45,4.956],[101.449,4.962],[101.446,4.965],[101.446,4.968],[101.437,4.971],[101.436,4.975],[101.428,4.98],[101.426,4.982],[101.427,4.985],[101.425,4.991],[101.433,5.002],[101.44,5.002],[101.442,5.004],[101.445,5.003],[101.448,5.005],[101.45,5.011],[101.453,5.013],[101.452,5.016],[101.448,5.02],[101.462,5.041],[101.459,5.045],[101.459,5.049],[101.461,5.054],[101.46,5.056],[101.464,5.064],[101.465,5.068],[101.463,5.071],[101.466,5.083],[101.473,5.087],[101.476,5.087],[101.485,5.096],[101.479,5.108],[101.479,5.118],[101.485,5.13],[101.485,5.134],[101.487,5.141],[101.482,5.151],[101.482,5.161],[101.491,5.167],[101.487,5.172],[101.486,5.18],[101.49,5.179],[101.493,5.182],[101.492,5.188],[101.495,5.194],[101.506,5.199],[101.505,5.202],[101.511,5.207],[101.509,5.211],[101.516,5.221],[101.512,5.231],[101.512,5.237],[101.51,5.239],[101.518,5.246],[101.523,5.251],[101.524,5.259],[101.52,5.261],[101.523,5.271],[101.521,5.277],[101.523,5.278],[101.527,5.277],[101.529,5.28],[101.534,5.275],[101.532,5.272],[101.535,5.27],[101.539,5.269],[101.544,5.272],[101.547,5.27],[101.549,5.275],[101.547,5.279],[101.548,5.286],[101.552,5.288],[101.554,5.291],[101.556,5.29],[101.559,5.292],[101.56,5.296],[101.562,5.297],[101.566,5.293],[101.571,5.295],[101.571,5.297],[101.574,5.298],[101.574,5.3],[101.57,5.308],[101.573,5.316],[101.576,5.328],[101.574,5.332],[101.576,5.335],[101.58,5.337],[101.586,5.337],[101.592,5.336],[101.595,5.339],[101.6,5.339],[101.6,5.341],[101.605,5.346],[101.606,5.352],[101.61,5.354],[101.616,5.353],[101.621,5.357],[101.626,5.354],[101.629,5.348],[101.633,5.347],[101.636,5.345],[101.64,5.345],[101.642,5.348],[101.65,5.35],[101.656,5.347],[101.657,5.344],[101.661,5.341],[101.665,5.34],[101.669,5.335],[101.669,5.332],[101.673,5.333],[101.677,5.336],[101.678,5.341],[101.689,5.341],[101.696,5.338],[101.703,5.341],[101.706,5.346],[101.712,5.35],[101.719,5.351],[101.724,5.356],[101.731,5.359],[101.737,5.358],[101.743,5.366],[101.744,5.371],[101.748,5.372],[101.752,5.379],[101.743,5.386],[101.744,5.39],[101.74,5.393],[101.741,5.397],[101.738,5.399],[101.744,5.421],[101.744,5.428],[101.74,5.433],[101.74,5.457],[101.737,5.459],[101.736,5.463],[101.742,5.473],[101.748,5.478],[101.748,5.502],[101.745,5.51],[101.741,5.513],[101.734,5.51],[101.731,5.502],[101.725,5.505],[101.722,5.512],[101.722,5.517],[101.72,5.517],[101.701,5.511],[101.696,5.504],[101.692,5.504],[101.691,5.508],[101.683,5.511],[101.682,5.515],[101.672,5.517],[101.666,5.512],[101.655,5.527],[101.664,5.534],[101.663,5.538],[101.666,5.538],[101.665,5.545],[101.671,5.547],[101.675,5.553],[101.673,5.554],[101.674,5.562],[101.679,5.565],[101.68,5.572],[101.678,5.575],[101.681,5.579],[101.681,5.582],[101.687,5.586],[101.687,5.591],[101.682,5.595],[101.679,5.594],[101.676,5.603],[101.666,5.605],[101.657,5.611],[101.654,5.611],[101.654,5.613],[101.657,5.615],[101.656,5.625],[101.658,5.628],[101.663,5.633],[101.664,5.638],[101.659,5.643],[101.657,5.647],[101.66,5.663],[101.658,5.666],[101.66,5.672],[101.666,5.671],[101.67,5.68],[101.676,5.685],[101.677,5.688],[101.689,5.697],[101.692,5.702],[101.695,5.705],[101.692,5.712],[101.693,5.714],[101.692,5.722],[101.688,5.726],[101.694,5.733],[101.691,5.747],[101.691,5.755],[101.691,5.759],[101.688,5.764],[101.691,5.769],[101.688,5.782],[101.685,5.783],[101.678,5.782],[101.675,5.787],[101.673,5.787],[101.67,5.791],[101.671,5.796],[101.665,5.801],[101.668,5.808],[101.665,5.814],[101.663,5.815],[101.66,5.812],[101.658,5.813],[101.658,5.823],[101.66,5.828],[101.659,5.836],[101.657,5.838],[101.66,5.842],[101.662,5.848],[101.656,5.858],[101.66,5.864],[101.663,5.866],[101.659,5.871],[101.659,5.875],[101.654,5.877],[101.645,5.872],[101.643,5.87],[101.64,5.87],[101.632,5.875],[101.623,5.877],[101.624,5.881],[101.622,5.885],[101.623,5.893],[101.622,5.896],[101.619,5.895],[101.616,5.9],[101.615,5.911],[101.609,5.915],[101.598,5.912],[101.598,5.914],[101.59,5.918],[101.588,5.93],[101.582,5.934],[101.575,5.93],[101.574,5.926],[101.559,5.919],[101.554,5.921],[101.54,5.919],[101.537,5.915],[101.533,5.914],[101.527,5.909],[101.525,5.906],[101.526,5.902],[101.524,5.899],[101.521,5.901],[101.518,5.9],[101.516,5.904],[101.514,5.903],[101.512,5.899],[101.509,5.897],[101.508,5.894],[101.499,5.888],[101.497,5.884],[101.494,5.881],[101.487,5.883],[101.488,5.873],[101.486,5.87],[101.479,5.873],[101.476,5.871],[101.474,5.871],[101.47,5.874],[101.464,5.876],[101.463,5.874],[101.459,5.873],[101.455,5.867],[101.452,5.867],[101.447,5.87],[101.439,5.871],[101.437,5.873],[101.435,5.871],[101.432,5.871],[101.429,5.875],[101.427,5.875],[101.425,5.874],[101.417,5.876],[101.414,5.873],[101.411,5.873],[101.407,5.872],[101.403,5.874],[101.397,5.872],[101.391,5.876],[101.389,5.861],[101.39,5.859],[101.387,5.854],[101.38,5.85],[101.38,5.846],[101.378,5.844],[101.374,5.837],[101.375,5.833],[101.372,5.831],[101.371,5.832],[101.362,5.831],[101.359,5.833],[101.354,5.828],[101.35,5.827],[101.347,5.823],[101.349,5.817],[101.346,5.812],[101.346,5.808],[101.342,5.809],[101.339,5.807],[101.337,5.807],[101.333,5.811],[101.326,5.814],[101.321,5.812],[101.318,5.806],[101.313,5.802],[101.309,5.803],[101.307,5.804],[101.305,5.813],[101.295,5.812],[101.291,5.816],[101.276,5.812],[101.275,5.809],[101.273,5.808],[101.27,5.803],[101.264,5.801],[101.263,5.794],[101.259,5.787],[101.26,5.777],[101.257,5.774],[101.255,5.772],[101.249,5.761],[101.251,5.756],[101.256,5.751],[101.254,5.746],[101.26,5.732],[101.258,5.722],[101.259,5.719],[101.261,5.718],[101.26,5.712],[101.252,5.708],[101.249,5.703],[101.251,5.699],[101.249,5.696],[101.247,5.697],[101.245,5.696],[101.242,5.691],[101.236,5.69],[101.233,5.688],[101.219,5.688],[101.219,5.681],[101.222,5.676],[101.219,5.672],[101.218,5.666],[101.215,5.664],[101.215,5.661],[101.209,5.659],[101.205,5.66],[101.203,5.654],[101.2,5.654],[101.2,5.652],[101.196,5.65],[101.191,5.649],[101.189,5.651],[101.176,5.647],[101.172,5.648],[101.167,5.642],[101.167,5.638],[101.169,5.636],[101.168,5.634],[101.153,5.623],[101.149,5.624],[101.145,5.623],[101.145,5.615],[101.142,5.614],[101.139,5.614],[101.136,5.613],[101.133,5.614],[101.133,5.619],[101.128,5.632],[101.13,5.639],[101.125,5.647],[101.126,5.649],[101.123,5.658],[101.123,5.661],[101.12,5.663],[101.119,5.671],[101.114,5.675],[101.114,5.677],[101.111,5.681],[101.104,5.684],[101.103,5.689],[101.101,5.689],[101.098,5.691],[101.097,5.694],[101.095,5.697],[101.097,5.7],[101.095,5.703],[101.092,5.704],[101.09,5.704],[101.085,5.708],[101.086,5.712],[101.084,5.712],[101.082,5.709],[101.081,5.71],[101.08,5.714],[101.081,5.716],[101.08,5.716],[101.083,5.719],[101.082,5.721],[101.079,5.722],[101.076,5.725],[101.068,5.728],[101.066,5.726],[101.062,5.727],[101.062,5.73],[101.063,5.731],[101.059,5.734],[101.061,5.737],[101.06,5.74],[101.062,5.742],[101.06,5.744],[101.057,5.744],[101.055,5.742],[101.054,5.744],[101.05,5.74],[101.04,5.74],[101.037,5.737],[101.034,5.738],[101.032,5.74],[101.033,5.742],[101.029,5.745],[101.027,5.75],[101.022,5.754],[101.019,5.759],[101.019,5.763],[101.018,5.767],[101.007,5.77],[101.007,5.775],[101.005,5.775],[101.003,5.78],[100.998,5.78],[100.994,5.777],[100.959,5.773],[100.951,5.763],[100.966,5.742],[100.982,5.727],[100.984,5.709],[100.974,5.69],[100.972,5.652],[100.952,5.646],[100.948,5.631],[100.931,5.625],[100.926,5.61],[100.946,5.589],[100.944,5.554],[100.942,5.55],[100.942,5.547],[100.936,5.537],[100.938,5.527],[100.935,5.525],[100.936,5.52],[100.926,5.505],[100.91,5.496],[100.893,5.503],[100.872,5.464],[100.866,5.407],[100.857,5.376],[100.842,5.349],[100.832,5.339],[100.821,5.331],[100.817,5.325],[100.818,5.325],[100.819,5.323],[100.817,5.322],[100.815,5.324],[100.813,5.321],[100.81,5.323],[100.809,5.323],[100.809,5.319],[100.805,5.32],[100.804,5.319],[100.8,5.323],[100.797,5.322],[100.796,5.32],[100.793,5.321],[100.792,5.324],[100.787,5.323],[100.787,5.319],[100.781,5.313],[100.782,5.316],[100.776,5.316],[100.774,5.318],[100.774,5.319],[100.773,5.319],[100.771,5.32],[100.77,5.319],[100.767,5.319],[100.767,5.317],[100.764,5.318],[100.761,5.315],[100.76,5.317],[100.758,5.318],[100.759,5.319],[100.755,5.319],[100.748,5.319],[100.739,5.313],[100.737,5.313],[100.734,5.312],[100.738,5.306],[100.737,5.305],[100.736,5.302],[100.733,5.303],[100.733,5.301],[100.734,5.301],[100.732,5.298],[100.731,5.285],[100.73,5.285],[100.731,5.284],[100.73,5.282],[100.732,5.281],[100.731,5.28],[100.731,5.28],[100.73,5.279],[100.73,5.278],[100.73,5.276],[100.728,5.276],[100.73,5.273],[100.729,5.269],[100.731,5.268],[100.728,5.267],[100.727,5.264],[100.719,5.26],[100.715,5.257],[100.712,5.258],[100.711,5.256],[100.709,5.258],[100.709,5.257],[100.708,5.258],[100.706,5.254],[100.704,5.252],[100.702,5.25],[100.701,5.251],[100.697,5.248],[100.694,5.249],[100.692,5.246],[100.691,5.243],[100.69,5.244],[100.69,5.238],[100.689,5.237],[100.69,5.235],[100.687,5.23],[100.688,5.229],[100.685,5.227],[100.686,5.223],[100.685,5.222],[100.682,5.22],[100.681,5.218],[100.678,5.218],[100.679,5.215],[100.677,5.214],[100.676,5.209],[100.672,5.204],[100.67,5.198],[100.667,5.198],[100.664,5.194],[100.664,5.193],[100.664,5.19],[100.662,5.19],[100.66,5.183],[100.658,5.181],[100.655,5.181],[100.654,5.184],[100.651,5.184],[100.652,5.18],[100.65,5.178],[100.649,5.175],[100.647,5.175],[100.646,5.173],[100.642,5.174],[100.641,5.17],[100.638,5.168],[100.635,5.168],[100.633,5.165],[100.63,5.165],[100.628,5.161],[100.629,5.159],[100.628,5.158],[100.629,5.154],[100.627,5.153],[100.627,5.15],[100.625,5.151],[100.625,5.148],[100.627,5.148],[100.624,5.144],[100.626,5.142],[100.625,5.14],[100.622,5.141],[100.623,5.138],[100.622,5.139],[100.619,5.138],[100.619,5.133],[100.614,5.134],[100.61,5.132],[100.607,5.134],[100.608,5.132],[100.605,5.131],[100.606,5.13],[100.604,5.128],[100.605,5.126],[100.603,5.129],[100.604,5.126],[100.602,5.125],[100.598,5.126],[100.597,5.124],[100.596,5.127],[100.595,5.124],[100.593,5.124],[100.592,5.122],[100.593,5.121],[100.59,5.12],[100.59,5.119],[100.591,5.119],[100.591,5.117],[100.592,5.114],[100.589,5.112],[100.589,5.11],[100.587,5.109],[100.589,5.106],[100.587,5.107],[100.586,5.105],[100.582,5.105],[100.586,5.097],[100.584,5.096],[100.583,5.098],[100.58,5.098],[100.577,5.096],[100.576,5.094],[100.574,5.094],[100.574,5.093],[100.571,5.092],[100.565,5.086],[100.566,5.082],[100.563,5.081],[100.563,5.079],[100.562,5.081],[100.559,5.079],[100.552,5.08],[100.553,5.077],[100.551,5.076],[100.549,5.08],[100.545,5.081],[100.547,5.086],[100.544,5.087],[100.545,5.093],[100.541,5.096],[100.537,5.094],[100.535,5.088],[100.53,5.088],[100.523,5.095],[100.521,5.096],[100.513,5.095],[100.511,5.11],[100.519,5.113],[100.519,5.117],[100.516,5.12],[100.509,5.126],[100.506,5.126],[100.504,5.124],[100.504,5.121],[100.503,5.118],[100.499,5.118],[100.498,5.12],[100.498,5.126],[100.497,5.128],[100.496,5.129],[100.493,5.131],[100.493,5.131],[100.493,5.132],[100.493,5.133],[100.493,5.133],[100.407,5.122],[100.402,5.123],[100.399,5.126],[100.392,5.129],[100.389,5.128],[100.384,5.114],[100.37,5.104],[100.368,5.105],[100.365,5.102],[100.361,5.095],[100.361,5.088],[100.363,5.086],[100.363,5.084],[100.365,5.085],[100.364,5.087],[100.369,5.082],[100.37,5.083],[100.372,5.079],[100.38,5.077],[100.374,5.074],[100.377,5.069],[100.377,5.063],[100.38,5.061],[100.383,5.044],[100.385,5.044],[100.39,5.035],[100.39,5.027],[100.392,5.025],[100.394,5.014],[100.402,4.996],[100.408,4.991],[100.403,5.001],[100.411,4.994],[100.413,4.995],[100.415,5.001],[100.418,4.997],[100.418,4.995],[100.422,4.986],[100.421,4.968],[100.422,4.952],[100.425,4.943],[100.431,4.931],[100.439,4.923],[100.443,4.916],[100.448,4.916],[100.459,4.921],[100.46,4.923],[100.467,4.924],[100.468,4.931],[100.474,4.927],[100.485,4.924],[100.503,4.915],[100.503,4.912],[100.496,4.913],[100.49,4.911],[100.486,4.907],[100.482,4.901],[100.481,4.888],[100.485,4.884],[100.483,4.882],[100.485,4.867],[100.488,4.865],[100.496,4.868],[100.5,4.866],[100.505,4.866],[100.505,4.864],[100.511,4.862],[100.517,4.861],[100.522,4.863],[100.526,4.868],[100.525,4.869],[100.528,4.872],[100.53,4.878],[100.546,4.883],[100.549,4.882],[100.55,4.879],[100.547,4.878],[100.547,4.876],[100.547,4.869],[100.549,4.863],[100.559,4.858],[100.573,4.863],[100.572,4.86],[100.568,4.857],[100.552,4.852],[100.55,4.846],[100.551,4.841],[100.549,4.834],[100.553,4.826],[100.556,4.825],[100.556,4.812],[100.559,4.802],[100.565,4.794],[100.566,4.79],[100.571,4.787],[100.579,4.788],[100.587,4.787],[100.59,4.787],[100.594,4.782],[100.598,4.782],[100.606,4.79],[100.61,4.792],[100.618,4.792],[100.621,4.796],[100.624,4.797],[100.627,4.795],[100.625,4.792],[100.625,4.789],[100.616,4.785],[100.612,4.781],[100.611,4.772],[100.616,4.767],[100.619,4.768],[100.619,4.764],[100.609,4.765],[100.599,4.761],[100.586,4.766],[100.582,4.763],[100.578,4.752],[100.576,4.744],[100.579,4.731],[100.585,4.726],[100.584,4.723],[100.58,4.72],[100.58,4.715],[100.584,4.707],[100.584,4.701],[100.586,4.693],[100.591,4.683],[100.596,4.669],[100.602,4.671],[100.612,4.676],[100.62,4.677],[100.626,4.681],[100.629,4.68],[100.631,4.677],[100.639,4.675],[100.648,4.685],[100.65,4.683],[100.655,4.684],[100.656,4.681],[100.652,4.679],[100.652,4.676],[100.653,4.675],[100.656,4.675],[100.658,4.673],[100.65,4.669],[100.649,4.666],[100.641,4.665],[100.635,4.657],[100.635,4.654],[100.629,4.653],[100.623,4.649],[100.623,4.646],[100.616,4.648],[100.602,4.638],[100.591,4.618],[100.589,4.607],[100.586,4.604],[100.587,4.589],[100.582,4.567],[100.584,4.565],[100.59,4.568],[100.593,4.565],[100.598,4.565],[100.598,4.563],[100.61,4.559],[100.617,4.555],[100.623,4.555],[100.628,4.561],[100.631,4.561],[100.641,4.565],[100.651,4.566],[100.653,4.567],[100.657,4.565],[100.653,4.558],[100.647,4.543],[100.645,4.542],[100.643,4.538],[100.635,4.535],[100.633,4.531],[100.628,4.536],[100.624,4.531],[100.619,4.511],[100.619,4.466],[100.616,4.451],[100.618,4.445],[100.614,4.443],[100.612,4.431],[100.606,4.423],[100.6,4.422],[100.595,4.423],[100.593,4.43],[100.585,4.424],[100.586,4.421],[100.583,4.417],[100.587,4.413],[100.587,4.408],[100.589,4.402],[100.593,4.401],[100.595,4.399],[100.593,4.397],[100.589,4.399],[100.587,4.397],[100.588,4.394],[100.59,4.392],[100.588,4.392],[100.584,4.38],[100.586,4.376],[100.585,4.374],[100.567,4.33],[100.564,4.327],[100.564,4.324],[100.559,4.32],[100.558,4.309],[100.561,4.309],[100.564,4.313],[100.57,4.31],[100.571,4.312],[100.573,4.312],[100.578,4.305],[100.579,4.296],[100.582,4.296],[100.582,4.298],[100.586,4.295],[100.587,4.281],[100.585,4.278],[100.587,4.275],[100.592,4.273],[100.59,4.258],[100.594,4.255],[100.593,4.243],[100.591,4.242],[100.593,4.238],[100.592,4.234],[100.597,4.225],[100.604,4.22],[100.61,4.214],[100.61,4.204],[100.603,4.198],[100.603,4.191],[100.604,4.188],[100.606,4.189],[100.61,4.185],[100.614,4.174],[100.614,4.168],[100.616,4.165],[100.617,4.164],[100.618,4.167],[100.622,4.166],[100.626,4.159],[100.626,4.157],[100.627,4.157],[100.628,4.159],[100.63,4.158],[100.63,4.161],[100.634,4.163],[100.637,4.17],[100.648,4.172],[100.654,4.169],[100.665,4.17],[100.68,4.166],[100.685,4.162],[100.688,4.163],[100.699,4.156],[100.7,4.153],[100.703,4.153],[100.718,4.137],[100.722,4.131],[100.726,4.116],[100.734,4.114],[100.75,4.104],[100.762,4.085],[100.767,4.062],[100.768,4.047],[100.761,4.021],[100.761,4.01],[100.762,4.005],[100.752,3.992],[100.729,4.006],[100.715,4.004],[100.709,3.999],[100.705,3.992],[100.703,3.977],[100.701,3.975],[100.701,3.971],[100.7,3.955],[100.704,3.916],[100.704,3.908],[100.703,3.905],[100.707,3.905],[100.708,3.904],[100.706,3.901],[100.708,3.902],[100.707,3.9],[100.706,3.901],[100.706,3.897],[100.708,3.897],[100.707,3.895],[100.708,3.895],[100.708,3.893],[100.711,3.891],[100.727,3.86],[100.732,3.856],[100.744,3.855],[100.743,3.852],[100.758,3.849],[100.759,3.849],[100.758,3.851],[100.765,3.849],[100.769,3.849],[100.772,3.847],[100.777,3.847],[100.788,3.856],[100.801,3.859],[100.804,3.861],[100.805,3.86],[100.808,3.861],[100.82,3.857],[100.83,3.857],[100.832,3.854],[100.831,3.85],[100.846,3.851],[100.858,3.855],[100.886,3.853],[100.931,3.869],[100.942,3.87],[100.945,3.866],[100.945,3.861],[100.939,3.843],[100.94,3.832],[100.945,3.83],[100.961,3.829],[100.969,3.827],[100.979,3.816],[100.979,3.809],[100.978,3.806],[100.964,3.799],[100.96,3.796],[100.959,3.793],[100.959,3.784],[100.961,3.779],[100.966,3.772],[100.974,3.769],[100.983,3.772],[100.984,3.773],[100.985,3.791],[100.986,3.794],[100.992,3.8],[100.995,3.801],[101.006,3.799],[101.015,3.804],[101.024,3.806],[101.029,3.802],[101.031,3.795],[101.025,3.785],[101.028,3.782],[101.036,3.786],[101.043,3.786],[101.051,3.793],[101.057,3.796],[101.059,3.796],[101.061,3.791],[101.056,3.785],[101.054,3.78],[101.054,3.778],[101.058,3.772],[101.057,3.754],[101.06,3.752],[101.064,3.756],[101.065,3.763],[101.068,3.765],[101.078,3.769],[101.083,3.777],[101.09,3.783],[101.093,3.779],[101.087,3.767],[101.088,3.765],[101.094,3.761],[101.102,3.752],[101.1,3.749],[101.098,3.75],[101.093,3.755],[101.074,3.759],[101.08,3.746],[101.074,3.735],[101.073,3.732],[101.076,3.729],[101.08,3.729],[101.084,3.742],[101.092,3.742],[101.097,3.745],[101.099,3.745],[101.1,3.736],[101.102,3.733],[101.107,3.734],[101.106,3.742],[101.109,3.747],[101.113,3.746],[101.12,3.736],[101.122,3.736],[101.124,3.739],[101.123,3.747],[101.133,3.764],[101.135,3.754],[101.136,3.752],[101.145,3.747],[101.144,3.745],[101.134,3.737],[101.135,3.734],[101.139,3.734],[101.154,3.728],[101.154,3.731],[101.151,3.741],[101.152,3.744],[101.155,3.745],[101.157,3.736],[101.162,3.726],[101.164,3.725],[101.165,3.742],[101.164,3.749],[101.167,3.749],[101.168,3.747],[101.168,3.739],[101.172,3.733],[101.17,3.728],[101.173,3.728],[101.191,3.731],[101.183,3.725],[101.176,3.715],[101.17,3.72],[101.17,3.716],[101.175,3.71],[101.185,3.718],[101.189,3.719],[101.191,3.722],[101.193,3.722],[101.192,3.721],[101.194,3.718],[101.197,3.717],[101.197,3.723],[101.197,3.726],[101.198,3.728],[101.201,3.727],[101.199,3.724],[101.2,3.723],[101.201,3.722],[101.202,3.723],[101.204,3.721],[101.204,3.719],[101.207,3.719],[101.208,3.714],[101.21,3.713],[101.21,3.715],[101.213,3.717],[101.215,3.714],[101.214,3.713],[101.212,3.714],[101.213,3.711],[101.214,3.711],[101.213,3.709],[101.213,3.708],[101.216,3.708],[101.222,3.713],[101.229,3.713],[101.23,3.715],[101.234,3.715],[101.237,3.718],[101.239,3.717],[101.24,3.72],[101.241,3.719],[101.244,3.72],[101.247,3.718],[101.25,3.718],[101.249,3.717],[101.249,3.713],[101.247,3.713],[101.248,3.712],[101.246,3.708],[101.246,3.702],[101.245,3.702],[101.247,3.699],[101.246,3.698],[101.247,3.699],[101.248,3.691],[101.249,3.693],[101.247,3.689],[101.245,3.683],[101.247,3.682],[101.246,3.68],[101.249,3.68],[101.25,3.677],[101.249,3.676],[101.252,3.674],[101.255,3.671],[101.256,3.673],[101.258,3.673],[101.26,3.671],[101.26,3.67],[101.262,3.67],[101.264,3.668],[101.265,3.67],[101.269,3.669],[101.271,3.668],[101.273,3.67],[101.279,3.668],[101.28,3.669],[101.28,3.668],[101.281,3.669],[101.281,3.668],[101.282,3.669],[101.282,3.674],[101.287,3.675],[101.288,3.676],[101.29,3.675],[101.29,3.677],[101.293,3.676],[101.296,3.678],[101.296,3.676],[101.298,3.677],[101.299,3.676],[101.298,3.676],[101.301,3.672],[101.307,3.674],[101.308,3.677],[101.309,3.677],[101.31,3.681],[101.312,3.682],[101.311,3.685],[101.314,3.685],[101.315,3.684],[101.316,3.685],[101.323,3.691],[101.326,3.688],[101.33,3.692],[101.334,3.691],[101.333,3.689],[101.335,3.69],[101.34,3.692],[101.343,3.698],[101.342,3.699],[101.347,3.707],[101.347,3.711],[101.346,3.713],[101.345,3.713],[101.345,3.715],[101.344,3.719],[101.34,3.723],[101.341,3.727],[101.34,3.727],[101.337,3.737],[101.338,3.739],[101.338,3.746],[101.335,3.755],[101.329,3.762],[101.329,3.772],[101.327,3.779],[101.327,3.786],[101.332,3.788],[101.334,3.788],[101.335,3.791],[101.336,3.789],[101.337,3.791],[101.337,3.795],[101.341,3.794],[101.342,3.796],[101.343,3.795],[101.348,3.796],[101.351,3.794],[101.351,3.796],[101.353,3.8],[101.356,3.8],[101.357,3.803],[101.358,3.8],[101.359,3.802],[101.363,3.804],[101.366,3.801],[101.369,3.803],[101.371,3.8],[101.374,3.802],[101.375,3.798],[101.376,3.799],[101.377,3.798],[101.377,3.795],[101.381,3.794],[101.381,3.792],[101.382,3.79],[101.383,3.791],[101.384,3.789],[101.384,3.784],[101.387,3.777],[101.385,3.776],[101.387,3.775],[101.387,3.773],[101.386,3.773],[101.387,3.771],[101.392,3.774],[101.394,3.771],[101.398,3.77],[101.401,3.765],[101.404,3.766],[101.405,3.764],[101.404,3.765],[101.403,3.763],[101.41,3.759],[101.413,3.759],[101.414,3.761],[101.415,3.758],[101.419,3.759],[101.42,3.752],[101.422,3.753],[101.423,3.751],[101.425,3.752],[101.424,3.751],[101.427,3.753],[101.428,3.752],[101.431,3.752],[101.433,3.752],[101.436,3.754],[101.44,3.751],[101.441,3.753],[101.443,3.75],[101.442,3.748],[101.444,3.746],[101.444,3.746],[101.445,3.745],[101.446,3.739],[101.449,3.739],[101.449,3.737],[101.454,3.733],[101.453,3.731],[101.456,3.727],[101.455,3.726],[101.456,3.726],[101.456,3.725],[101.458,3.723],[101.457,3.723],[101.457,3.721],[101.46,3.718],[101.46,3.716],[101.464,3.714],[101.465,3.716],[101.467,3.716],[101.469,3.717],[101.475,3.713],[101.475,3.71],[101.478,3.705],[101.48,3.702],[101.483,3.702],[101.488,3.7],[101.489,3.698],[101.493,3.7],[101.495,3.699],[101.497,3.699],[101.502,3.693],[101.505,3.693],[101.513,3.687],[101.519,3.677],[101.528,3.682],[101.535,3.682],[101.537,3.686],[101.542,3.688],[101.543,3.693],[101.545,3.693],[101.547,3.696],[101.546,3.698],[101.548,3.702],[101.549,3.7],[101.554,3.704],[101.56,3.704],[101.56,3.707],[101.564,3.71],[101.568,3.711],[101.57,3.716],[101.572,3.72],[101.578,3.72],[101.579,3.724],[101.582,3.726],[101.582,3.739],[101.578,3.746],[101.576,3.752],[101.581,3.77],[101.6,3.771],[101.61,3.774],[101.625,3.772]]]]}},{"type":"Feature","properties":{"code":"PNG","name":"Penang"},"geometry":{"type":"MultiPolygon","coordinates":[[[[100.34,5.577],[100.338,5.575],[100.34,5.569],[100.35,5.566],[100.356,5.559],[100.366,5.539],[100.372,5.523],[100.373,5.522],[100.372,5.517],[100.374,5.503],[100.377,5.498],[100.378,5.491],[100.381,5.453],[100.379,5.448],[100.378,5.448],[100.379,5.445],[100.374,5.423],[100.372,5.419],[100.365,5.42],[100.365,5.41],[100.368,5.409],[100.363,5.399],[100.363,5.395],[100.364,5.394],[100.363,5.394],[100.366,5.392],[100.363,5.393],[100.366,5.384],[100.369,5.384],[100.37,5.383],[100.373,5.383],[100.37,5.381],[100.376,5.371],[100.376,5.369],[100.375,5.371],[100.377,5.364],[100.383,5.361],[100.39,5.351],[100.394,5.35],[100.401,5.341],[100.405,5.34],[100.405,5.339],[100.405,5.33],[100.403,5.325],[100.403,5.319],[100.406,5.313],[100.412,5.314],[100.41,5.313],[100.41,5.311],[100.412,5.306],[100.415,5.305],[100.414,5.303],[100.414,5.297],[100.419,5.281],[100.419,5.279],[100.409,5.27],[100.409,5.267],[100.406,5.265],[100.407,5.263],[100.413,5.261],[100.422,5.237],[100.425,5.219],[100.424,5.215],[100.43,5.209],[100.425,5.208],[100.422,5.205],[100.419,5.192],[100.419,5.176],[100.425,5.172],[100.43,5.167],[100.429,5.165],[100.423,5.168],[100.402,5.146],[100.402,5.144],[100.396,5.141],[100.39,5.133],[100.389,5.128],[100.392,5.129],[100.399,5.126],[100.402,5.123],[100.407,5.122],[100.493,5.133],[100.493,5.134],[100.494,5.137],[100.496,5.14],[100.497,5.141],[100.499,5.143],[100.499,5.143],[100.499,5.143],[100.507,5.145],[100.514,5.144],[100.538,5.138],[100.543,5.139],[100.551,5.142],[100.545,5.213],[100.538,5.25],[100.524,5.364],[100.529,5.541],[100.528,5.555],[100.526,5.549],[100.523,5.552],[100.524,5.554],[100.524,5.559],[100.523,5.559],[100.52,5.559],[100.516,5.561],[100.508,5.559],[100.506,5.566],[100.505,5.567],[100.491,5.567],[100.487,5.569],[100.486,5.561],[100.482,5.564],[100.48,5.565],[100.473,5.562],[100.469,5.566],[100.464,5.566],[100.46,5.564],[100.452,5.568],[100.451,5.567],[100.449,5.561],[100.447,5.561],[100.446,5.566],[100.444,5.567],[100.437,5.565],[100.435,5.561],[100.432,5.566],[100.43,5.566],[100.424,5.562],[100.41,5.567],[100.405,5.574],[100.401,5.576],[100.394,5.579],[100.387,5.578],[100.386,5.583],[100.384,5.585],[100.383,5.585],[100.378,5.579],[100.376,5.58],[100.372,5.586],[100.369,5.585],[100.368,5.577],[100.363,5.573],[100.34,5.577]]],[[[100.307,5.31],[100.309,5.302],[100.311,5.301],[100.314,5.305],[100.313,5.312],[100.323,5.316],[100.326,5.318],[100.327,5.33],[100.325,5.33],[100.323,5.336],[100.321,5.337],[100.32,5.333],[100.317,5.331],[100.315,5.326],[100.313,5.325],[100.307,5.31]]],[[[100.175,5.472],[100.178,5.467],[100.182,5.466],[100.181,5.461],[100.184,5.454],[100.178,5.445],[100.181,5.441],[100.177,5.434],[100.183,5.43],[100.188,5.43],[100.19,5.417],[100.196,5.415],[100.19,5.415],[100.189,5.414],[100.189,5.404],[100.186,5.397],[100.188,5.391],[100.185,5.383],[100.196,5.338],[100.197,5.311],[100.194,5.307],[100.192,5.309],[100.19,5.309],[100.182,5.305],[100.184,5.3],[100.184,5.295],[100.18,5.29],[100.178,5.282],[100.179,5.279],[100.181,5.277],[100.182,5.269],[100.186,5.267],[100.186,5.275],[100.189,5.281],[100.198,5.282],[100.203,5.279],[100.207,5.278],[100.21,5.281],[100.216,5.282],[100.222,5.28],[100.224,5.284],[100.224,5.286],[100.228,5.287],[100.239,5.283],[100.24,5.279],[100.244,5.276],[100.245,5.273],[100.247,5.275],[100.248,5.279],[100.253,5.279],[100.256,5.28],[100.26,5.278],[100.268,5.273],[100.269,5.269],[100.273,5.265],[100.275,5.257],[100.282,5.258],[100.284,5.262],[100.282,5.265],[100.282,5.269],[100.286,5.275],[100.291,5.28],[100.291,5.285],[100.289,5.286],[100.294,5.293],[100.3,5.316],[100.306,5.328],[100.308,5.33],[100.312,5.339],[100.314,5.355],[100.317,5.359],[100.316,5.362],[100.318,5.362],[100.317,5.371],[100.319,5.381],[100.317,5.381],[100.317,5.384],[100.32,5.391],[100.322,5.389],[100.325,5.389],[100.327,5.391],[100.325,5.393],[100.334,5.401],[100.33,5.404],[100.334,5.401],[100.337,5.405],[100.338,5.404],[100.339,5.406],[100.337,5.407],[100.338,5.407],[100.338,5.411],[100.341,5.413],[100.344,5.413],[100.343,5.414],[100.345,5.419],[100.347,5.417],[100.346,5.421],[100.345,5.419],[100.345,5.422],[100.34,5.423],[100.333,5.424],[100.328,5.426],[100.31,5.439],[100.308,5.444],[100.312,5.448],[100.314,5.451],[100.315,5.456],[100.314,5.462],[100.309,5.462],[100.308,5.464],[100.301,5.464],[100.301,5.466],[100.296,5.465],[100.295,5.468],[100.293,5.468],[100.292,5.469],[100.279,5.467],[100.277,5.475],[100.271,5.479],[100.266,5.478],[100.265,5.479],[100.262,5.479],[100.26,5.482],[100.256,5.483],[100.238,5.465],[100.231,5.463],[100.23,5.465],[100.227,5.463],[100.223,5.465],[100.217,5.461],[100.21,5.46],[100.211,5.459],[100.209,5.459],[100.21,5.46],[100.206,5.46],[100.203,5.462],[100.203,5.466],[100.204,5.468],[100.198,5.468],[100.196,5.473],[100.192,5.471],[100.187,5.471],[100.186,5.473],[100.187,5.475],[100.186,5.478],[100.177,5.476],[100.175,5.472]]]]}}]}